jmdict_seq,kana,kanji,waller_definition
1401310,あいかわらず,,"as ever,as usual,the same"
1014210,アイデア,,idea
1014210,アイディア,,idea
1567920,あいまい,曖昧,"vague,ambiguous"
1198180,あう,遭う,"to meet,to encounter (undesirable nuance)"
1609000,あおぐ,扇ぐ,"to fan,to flap"
1381760,あおじろい,青白い,"pale,pallid"
1383310,あかんぼう,,baby
1609010,あき,明き,"room,time to spare,emptiness"
1515580,あきれる,,"to be amazed,to be shocked"
1015310,アクセント,,accent
1254010,あくび,欠伸,yawn
1518320,あくまで,飽くまで,"to the end,to the last,stubbornly"
1532300,あけがた,明け方,dawn
1352320,あげる,揚げる,"to lift,to fry"
1352320,あげる,挙げる,"to raise,to fly"
1453810,あこがれる,憧れる,"to long for,to yearn after,to admire"
1581330,あしあと,足跡,footprints
1527010,あじわう,味わう,"to taste,to savor,to relish"
1544970,あずかる,預かる,"to keep in custody,to receive on deposit,to take charge of"
1586430,あたたまる,暖まる,"to warm up,to get warm"
1586440,あたためる,暖める,"to warm,to heat"
1448800,あたりまえ,,"usual,common,ordinary"
1612620,あちらこちら,,here and there
1275330,あつかましい,厚かましい,"impudent,shameless,brazen"
1153080,あっしゅく,圧縮,"compression,condensation,pressure"
1586520,あてな,宛名,"address,direction"
1448930,あてはまる,,"to be applicable,to come under (a category),to fulfill"
1586530,あてはめる,,"to apply,to adapt"
1519340,あばれる,暴れる,"to act violently,to rage,to struggle,to be riotous"
1311750,あぶら,脂,"fat,tallow,lard"
1568910,あぶる,,to scorch
1167610,あふれる,,"to flood,to overflow,to brim over"
1171970,あまど,雨戸,sliding storm door
1213470,あまやかす,甘やかす,"to pamper,to spoil"
1543910,あまる,余る,"to remain,to be left over,to be in excess,to be too many"
1586670,あみもの,編物,"knitting,web"
1511950,あむ,編む,to knit
1218360,あやうい,危うい,"dangerous,critical,grave"
1586700,あやしい,怪しい,"suspicious,dubious,doubtful"
1281450,あらい,荒い,"rough,rude,wild"
1396910,あらい,粗い,"coarse,rough"
1396970,あらすじ,,"outline,summary"
1400620,あらそう,争う,"to dispute,to argue,to be at variance,to compete"
1200740,あらためて,改めて,"another time,again,over again,anew,formally"
1200750,あらためる,改める,"to change,to alter,to reform,to revise"
1427080,あらわす,著す,"to write,to publish"
1541560,ありがたい,有難い,"grateful,thankful,welcome,appreciated,evoking gratitude"
1296400,ある,在る,"to live,to be"
1612650,あれこれ,,"one thing or another,this and that,this or that"
1278810,あわただしい,,"busy,hurried,confused,flurried"
1278830,あわてる,,to become confused
1153720,あんい,安易,easy-going
1154820,あんがい,案外,unexpectedly
1020410,アンテナ,,antenna
1264080,いいだす,言い出す,"to start talking,to speak,to tell,to propose,to suggest,to break the ice"
1264230,いいつける,言い付ける,"to tell,to tell on (someone),to order"
1156520,いぎ,意義,"meaning,significance"
1609130,いきいき,生き生き,"vividly,lively"
1282000,いきなり,,"(uk) abruptly,suddenly,all of a sudden,without warning"
1160630,いくじ,育児,"childcare,nursing,upbringing"
1220060,いくぶん,幾分,somewhat
1587180,いけばな,生け花,(1) flower arrangement
1155100,いご,以後,"after this,from now on,hereafter,thereafter"
1155110,いこう,以降,"on and after,hereafter,thereafter"
1021220,イコール,,equal
1539660,いさましい,勇ましい,"brave,valiant,gallant,courageous"
1158780,いしょくじゅう,衣食住,"necessities of life (food, clothing, etc.)"
1156740,いじわる,意地悪,"malicious,ill-tempered,unkind"
1587320,いちいち,,"one by one,separately"
1161170,いちおう,一応,"once,tentatively,in outline,for the time being"
1164690,いちだん,一段,"greater,more,further,still more"
1167270,いちりゅう,一流,"first class,top grade,foremost,top-notch"
1585390,いつ,佚,"be lost,peace,hide,mistake,beautiful,in turn"
1576050,いっさくじつ,一昨日,day before yesterday
1576060,いっさくねん,一昨年,year before last
1164040,いっせい,一斉,"simultaneous,all at once"
1164650,いったん,一旦,"once,for a moment,one morning,temporarily"
1164950,いってい,一定,"fixed,settled,definite"
2088750,いってらっしゃい,,
2149180,いってまいります,,
1188850,いつのまにか,,"before one knows,unnoticed,unawares"
1158390,いてん,移転,"moving,transfer,demise"
1160330,いど,井戸,water well
1158490,いど,緯度,latitude (nav.)
1335310,いとこ,従姉妹,cousin (female)
1156320,いばる,威張る,"to be proud,to swagger"
1609260,いやがる,嫌がる,"to hate,to dislike"
1587670,いよいよ,,"more and more,all the more,increasingly,at last,beyond doubt"
1391500,いる,煎る,"to parch,to fry"
1391500,いる,炒る,
1587840,いれもの,入れ物,"container,case,receptacle"
2856157,インキ,,ink
1023100,インタビュー,,interview
1169720,いんりょく,引力,gravity
1024950,ウーマン,,woman
1025010,ウール,,wool
1025690,ウエートレス,,waitress
1587970,うえき,植木,"garden shrubs,trees,potted plant"
1224080,うえる,飢える,to starve
1497430,うかぶ,浮ぶ,"to float,to rise to surface,to come to mind"
1497360,うかべる,浮かべる,"to float,to express,to look (sad, glad)"
1497420,うく,浮く,"to float,to become merry,to become loose"
1349440,うけたまわる,承る,"(hum) to hear,to be told,to know"
1329770,うけとり,受取,receipt
1329640,うけもつ,受け持つ,to take (be in) charge of
1475530,うすぐらい,薄暗い,"dim,gloomy"
1475500,うすめる,薄める,"to dilute,to water down"
1588140,うちあわせ,打合せ,"business meeting,previous arrangement,appointment"
1609310,うちけす,打ち消す,"to deny,to negate,to contradict"
1478010,うつ,討つ,"to attack,to avenge"
1001010,うっかり,,"carelessly,thoughtlessly,inadvertently"
1588330,うつす,映す,"to project,to reflect,to cast (shadow)"
1321820,うつる,写る,"to be photographed,to be projected"
1173710,うつる,映る,"to be reflected,to harmonize with,to come out (photo)"
1574470,うどん,,noodles (Japanese)
1541610,うむ,有無,"yes or no,existence,flag indicator (comp),presence or absence marker"
1524500,うめる,埋める,"to bury,to fill up,to fill (a seat, a vacant position)"
1250700,うやまう,敬う,"to show respect,to honour"
1550630,うらがえす,裏返す,"to turn inside out,to turn (something) over"
1550270,うらぐち,裏口,"backdoor,rear entrance"
1389430,うらなう,占う,"to forecast,to predict"
1289740,うらみ,恨み,resentment
1289780,うらむ,恨む,"to curse,to feel bitter"
1391940,うらやましい,羨ましい,"envious,enviable"
1391950,うらやむ,羨む,to envy
1588500,うりあげ,売上,"amount sold,proceeds"
1473870,うりきれ,売り切れ,sold-out
1473880,うりきれる,売り切れる,to be sold out
1588590,うれゆき,売行き,sales
1001060,うろうろ,,"loiteringly,aimless wandering"
1172710,うんが,運河,"canal,waterway"
2007420,うんと,,"a great deal,very much"
1174620,えいぶん,英文,sentence in English
1174720,えいわ,英和,English-Japanese (e.g. dictionary)
1001150,ええと,,"let me see,well,er...."
1175030,えきたい,液体,"liquid,fluid"
1028990,エチケット,,etiquette
1202290,えのぐ,絵の具,"colors,paints"
1029760,エプロン,,apron
1155780,えらい,偉い,"great,celebrated,eminent,terrible,awful,famous,remarkable,excellent"
1176320,えんかい,宴会,"party,banquet"
1176260,えんげい,園芸,"horticulture,gardening"
1176860,えんげき,演劇,play (theatrical)
1175860,えんしゅう,円周,circumference
1178260,えんそく,遠足,"trip,hike,picnic"
1176510,えんちょう,延長,"extension,elongation,prolongation,lengthening"
1177320,えんとつ,煙突,chimney
1608720,おいかける,追い掛ける,"to chase or run after someone,to run down,to pursue"
1432280,おいこす,追い越す,"to pass (e.g. car),to outdistance,to outstrip"
1033900,オイル,,"oil,engine oil,kerosene"
1179840,おうえん,応援,"aid,assistance,help,reinforcement"
1181560,おうじょ,王女,princess
1609380,おうずる,応ずる,"to answer,to respond,to meet,to satisfy,to accept"
1179930,おうせつ,応接,reception
1179980,おうたい,応対,"receiving,dealing with"
1179760,おうふく,往復,"(col) round trip,coming and going,return ticket"
1609390,おうべい,欧米,"Europe and America,the West"
1180060,おうよう,応用,"application,put to practical use"
1031610,オーケストラ,,orchestra
1412950,おおざっぱ,,"rough (not precise),broad,sketchy"
1414570,おおどおり,大通り,main street
1032180,オートメーション,,automation
1032880,オーバーコート,,
1415050,おおよそ,大凡,"about,roughly,as a rule,approximately"
1612780,おかえり,お帰り,"return,welcome"
2411600,おかけください,,
1270220,おかげさまで,,"Thanks to god,thanks to you"
1588930,おかず,,"side dish,accompaniment for rice dishes"
1472230,おがむ,拝む,"to worship,to beg,to make a supplication"
1612800,おかわり,お代わり,"second helping,another cup"
1514460,おぎなう,補う,to compensate for
2167510,おきのどくに,,
1182680,おくがい,屋外,outdoors
1179330,おくさん,,"(hon) wife,your wife,madam"
1402640,おくりがな,送り仮名,part of word written in kana
2847540,げんきでね,元気でね,
1410710,おこたる,怠る,"to neglect,to be off guard,to be feeling better"
1589080,おさえる,押える,"to stop,to restrain,to seize,to repress,to suppress,to press down"
1002280,おさきに,,"before,ahead,previously"
1589090,おさめる,納める,"to obtain,to reap,to pay,to supply,to accept"
1316830,おさめる,治める,"(1) to govern,to manage,(2) to subdue"
1382280,おしい,惜しい,"regrettable,disappointing,precious"
1002030,おじぎ,御辞儀,bow
2261490,おじさん,伯父さん,"middle-aged gentleman,uncle"
2261490,おじさん,小父さん,"middle-aged gentleman,uncle"
2261490,おじさん,叔父さん,"middle-aged gentleman,uncle"
1002770,おしゃれ,,"smartly dressed,someone smartly dressed,fashion-conscious"
1002050,おじゃまします,,Excuse me for disturbing you
1236940,おそわる,教わる,to be taught
1002390,おだいじに,,Take care of yourself
1589220,おちつく,落着く,"to calm down,to settle down"
1693840,みたらし,御手洗,font of purifying water placed at entrance of shrine
1338475,おでかけ,お出掛け,
1002110,おてつだいさん,お手伝いさん,maid
1578070,おどかす,,"to threaten,to coerce"
1589250,おとしもの,落し物,lost property
1576050,おととい,,day before yesterday
1576060,おととし,,year before last
1414190,おとなしい,,"obedient,docile,quiet"
1238650,おどろかす,驚かす,"to surprise,to frighten,to create a stir"
1001720,おねがいします,,please
2826190,おのおの,各々,"each,every,either,respectively,severally"
2261500,おばさん,叔母さん,"(1) aunt,(2) middle-aged lady"
1612820,おはよう,,(abbr) Good morning
1001950,おまいり,お参り,"worship,shrine visit"
2149640,おまたせしました,,Sorry to have kept you waiting
1002360,おまちどおさま,,Sorry to have kept you waiting
1647360,おめでたい,,"happy event,matter for congratulation,auspicious event,pregnancy"
1610630,おもいがけない,思い掛けない,"unexpected,casual"
1309230,おもいこむ,思い込む,"to be under impression that,to be convinced that"
1309310,おもいっきり,思いっ切り,
1589330,おもいつく,思い付く,"to think of,to hit upon"
1335780,おもたい,重たい,"heavy,massive,serious"
1612680,おやすみ,,"(1) holiday,absence,rest,(2) (exp) Good night"
1589430,おやつ,,"(1) between meal snack,afternoon refreshment"
1365190,おやゆび,親指,thumb
1035780,オルガン,,organ
1183050,おろす,卸す,"to sell wholesale,grated (vegetables)"
1183140,おんけい,恩恵,"grace,favor,blessing,benefit"
1183390,おんしつ,温室,greenhouse
1183450,おんせん,温泉,"spa,hot spring,onsen"
1183470,おんたい,温帯,temperate zone
1270530,おんちゅう,御中,"and Company,Messrs."
1344980,おんなのひと,女の人,woman
1196540,か,蚊,mosquito
1036560,カーブ,,"(1) curve,(2) curve ball (baseball)"
1203100,かい,貝,"shell,shellfish"
1202560,かいかい,開会,opening of a meeting
1589660,かいかん,会館,"meeting hall,assembly hall"
1200840,かいさつ,改札,examination of tickets
1199000,かいさん,解散,"breakup,dissolution"
1201520,かいすいよく,海水浴,"sea bathing,seawater bath"
1199510,かいすう,回数,"number of times,frequency"
1199520,かいすうけん,回数券,book of tickets
1200930,かいせい,改正,"revision,amendment,alteration"
1200060,かいせい,快晴,good weather
1199080,かいせつ,解説,"explanation,commentary"
1201000,かいぞう,改造,"(1) remodeling,(2) modding (comp)"
1202850,かいつう,開通,"opening,open"
1199640,かいてん,回転,"rotation,revolution,turning"
1199160,かいとう,解答,"answer,solution"
1199680,かいとう,回答,"reply,answer"
1204070,がいぶ,外部,"the outside,external"
1199250,かいほう,解放,"release,liberation,emancipation"
1202950,かいほう,開放,"open,throw open,liberalization"
1201790,かいよう,海洋,ocean
1204520,がいろん,概論,"intro,outline,general remarks"
1221240,かえす,帰す,to send back
1226610,かえって,却って,"on the contrary,rather,all the more,instead"
1589780,かえる,代える,"to exchange,to interchange,to substitute,to replace"
1512150,かえる,反る,"to warp,to be warped,to curve"
1191780,かおく,家屋,"house,building"
1589880,かかわる,係わる,"to concern oneself in,to have to do with,to affect,to influence,to stick to (opinions)"
1589960,かきとめ,書留,"writing down,putting on record,recording,making a note of,registration (of mail)"
1589970,かきとり,書取,dictation
1204800,かきね,垣根,hedge
1399970,かく,掻く,"to scratch,to perspire"
1565480,かぐ,嗅ぐ,"to sniff,to smell"
1193130,かくう,架空,"aerial,overhead,fiction,fanciful"
1205010,かくじ,各自,"individual,each"
1205190,かくじゅう,拡充,expansion
1206870,がくじゅつ,学術,"science,learning,scholarship"
1205100,かくち,各地,"every place,various places"
1205220,かくちょう,拡張,"expansion,extension,enlargement,escape (ESC)"
1206190,かくど,角度,angle
1207030,がくねん,学年,"year in school,grade in school"
1207080,がくぶ,学部,"department of a university,undergraduate"
1205490,かくべつ,格別,exceptional
1205950,かくりつ,確率,probability
1207180,がくりょく,学力,"scholarship,knowledge,literary ability"
1590080,かけざん,掛け算,multiplication
1190810,かけつ,可決,"approval,adoption (e.g. motion, bill),passage"
1193860,かこう,火口,"a burner,origin of a fire"
1184940,かこう,下降,"downward,descent,fall,drop,subsidence"
1335800,かさなる,重なる,"to be piled up,lie on top of one another,overlap each other"
1335830,かさねる,重ねる,"to pile up,to put something on another,to heap up,to add,to repeat"
1357160,かざり,飾り,decoration
1193910,かざん,火山,volcano
1002790,かしこまりました,,certainly!
1590240,かしだし,貸し出し,"lending,loaning"
1196120,かしつ,過失,"error,blunder,accident"
1192940,かじつ,果実,"fruit,nut,berry."
1609530,かしま,貸間,room to let
1411170,かしや,貸家,house for rent
1590250,かしょ,個所,"passage,place,point,part"
1196170,かじょう,過剰,"excess,over-"
1610640,かじる,,"to chew,to bite (at),to gnaw,to nibble"
1195790,かぜい,課税,taxation
1185640,かせん,下線,"underline,underscore"
1037400,カセット,,cassette (tape)
1190370,かそく,加速,acceleration
1190390,かそくど,加速度,acceleration
1511600,かたかな,片仮名,katakana
1511770,かたづく,片付く,"to put in order,to dispose of,to solve"
1590410,かたまり,塊,"lump,mass,clod,cluster"
1266550,かたまる,固まる,"to harden,to solidify,to become firm,to become certain"
1511760,かたみち,片道,one-way (trip)
1578210,かたむく,傾く,"to incline toward,to slant,to lurch"
1590420,かたよる,片寄る,"to be one-sided,to incline,to be partial"
1206590,がっか,学科,"study subject,course of study"
1206610,がっかい,学会,"scientific society,academic meeting"
1207340,がっき,楽器,musical instrument
1206680,がっきゅう,学級,grade in school
1418140,かつぐ,担ぐ,"to shoulder,to carry on shoulder"
1208240,かっこ,括弧,"parenthesis,brackets"
1208300,かつじ,活字,printing type
1208450,かつやく,活躍,activity
1208480,かつりょく,活力,"vitality,energy"
1187870,かてい,仮定,"assumption,supposition,hypothesis"
1196270,かてい,過程,process
1195850,かてい,課程,"course,curriculum"
1590540,かな,仮名,"(n) alias,pseudonym,pen name"
1188100,かなづかい,仮名遣い,"kana orthography,syllabary spelling"
1352030,かね,鐘,"bell,chime"
1190470,かねつ,加熱,heating
1256520,かねる,兼ねる,"to hold (position),to serve,to be unable"
1037960,カバー,,cover (ex. book)
1196380,かはんすう,過半数,majority
1484320,かぶせる,被せる,to cover (with something)
1209080,かま,釜,"iron pot,kettle"
1609610,かみくず,紙屑,wastepaper
1364920,かみさま,神様,god
1435180,かみそり,剃刀,razor
1040350,ガム,,chewing gum
1195890,かもつ,貨物,"cargo,freight"
1569570,かゆい,,"itchy,itching"
1193450,かよう,歌謡,"song,ballad"
1205740,から,殻,"shell,husk,hull,chaff"
1038500,カラー,,"collar,color,colour"
1567650,からかう,,"to ridicule,to tease,to banter with,to make fun of"
1245380,からっぽ,空っぽ,"empty,vacant,hollow"
1590710,かるた,,(n) playing cards (pt: carta)
1267220,かれる,枯れる,"to wither,to die (plant),to be blasted (plant)"
1039300,カロリー,,calorie
1190730,かわいがる,,"to love,to be affectionate"
1209630,かわかす,乾かす,"to dry (clothes, etc.),to desiccate"
1208520,かわく,渇く,to be thirsty
1157330,かわせ,為替,"money order,exchange"
1209580,かわら,瓦,roof tile
1590820,かわる,代る,"(v5r,vi) to take the place of,to relieve,to be substituted for"
1215380,かんかく,間隔,"space,interval,SPC"
1212780,かんき,換気,ventilation
1212360,かんげき,感激,"deep emotion,impression,inspiration"
1215910,かんさい,関西,
1215200,かんしょう,鑑賞,appreciation
1609650,かんずる,感ずる,"to feel,to sense"
1215520,かんせつ,間接,"indirection,indirectness"
1209920,かんそう,乾燥,"dry,arid,insipid,dehydrated"
1212480,かんそう,感想,"impressions,thoughts"
1214980,かんそく,観測,observation
1210460,かんたい,寒帯,frigid zone
1211730,かんちょう,官庁,"government office,authorities"
1210620,かんちがい,勘違い,"misunderstanding,wrong guess"
1214560,かんづめ,缶詰,"packing (in cans),canning,canned goods,tin can"
1210100,かんでんち,乾電池,"dry cell,battery"
1216010,かんとう,関東,"eastern half of Japan, including Tokyo"
1215010,かんねん,観念,"(1) idea,notion,conception,(2) sense (e.g. of duty)"
1590950,かんぱい,乾杯,toast (drink)
1213990,かんばん,看板,"sign,signboard,doorplate,poster"
1214030,かんびょう,看病,nursing (a patient)
1577620,かんむり,冠,"crown,diadem,first,best"
1213260,かんわ,漢和,Chinese Character-Japanese (e.g. dictionary)
1221880,きあつ,気圧,atmospheric pressure
1220810,きかい,器械,instrument
1423160,きがえ,着替え,"changing clothes,change of clothes"
1220880,きかんしゃ,機関車,"locomotive,engine"
1591080,ききん,飢饉,famine
1218920,きぐ,器具,utensil
1220560,きげん,期限,"term,period"
1223210,きごう,記号,"symbol,code"
1285890,きざむ,刻む,"to mince,to carve,to engrave"
1224700,ぎしき,儀式,"ceremony,rite,ritual,service"
1591210,きじゅん,基準,"standard,basis,criteria,norm"
1591210,きじゅん,規準,"standard,basis,criteria,norm"
1223820,きしょう,起床,"rising,getting out of bed"
1422990,きせる,着せる,to put on clothes
1219060,きそ,基礎,"foundation,basis"
1222460,きたい,気体,"vapour,gas"
1219110,きち,基地,base
1591290,きっかけ,,"chance,start,cue,excuse"
1003590,ぎっしり,,"tightly,fully"
1219170,きばん,基盤,"foundation,basis"
1226760,きゃくせき,客席,guest seating
1226710,きゃくま,客間,"parlor,guest room"
1043150,ギャング,,gang
1042150,キャンパス,,campus
1227700,きゅうぎょう,休業,"closed (e.g. store),business suspended,shutdown,holiday"
1227780,きゅうこう,休講,lecture cancelled
1227940,きゅうそく,休息,"rest,relief,relaxation"
1230350,きゅうよ,給与,"allowance,grant,supply"
1228100,きゅうよう,休養,"rest,break,recreation"
1378140,きよい,清い,"clear,pure,noble"
1236200,きょうか,強化,"strengthen,intensify,reinforce,solidify"
1235960,きょうかい,境界,boundary
1281930,ぎょうじ,行事,"event,function"
1236740,きょうしゅく,恐縮,"shame,very kind of you,sorry to trouble"
1237370,きょうよう,教養,"culture,education,refinement,cultivation"
1282220,ぎょうれつ,行列,"(1) line,procession,(2) matrix (math)"
1232990,ぎょぎょう,漁業,fishing (industry)
1239970,きょくせん,曲線,curve
1223120,きりつ,規律,"order,rules,law"
1304400,きる,斬る,"(v5r) to behead,to murder"
1591990,きをつける,気を付ける,"to be careful,to pay attention,to take care"
1242750,きんぎょ,金魚,goldfish
1244090,くいき,区域,"limits,boundary,domain,zone,sphere,territory"
1246250,ぐうすう,偶数,even number
1245730,くうそう,空想,"daydream,fantasy,fancy,vision"
1245790,くうちゅう,空中,"sky,air"
1043310,クーラー,,"cooler,air conditioner"
1436840,くぎ,釘,nail
1592130,くぎる,区切る,"to punctuate,to cut off,to mark off,to stop,to put an end to"
1246490,くし,櫛,comb
1003710,くしゃみ,,sneeze
1244520,くじょう,苦情,"complaint,troubles,objection"
1244530,くしん,苦心,"pain,trouble"
1246510,くず,屑,"waste,scrap"
1516260,くずす,崩す,"to destroy,to pull down,to make change (money)"
1538250,くすりゆび,薬指,ring finger
1516270,くずれる,崩れる,"to collapse,to crumble"
1295170,くだく,砕く,"to break,to smash"
1295190,くだける,砕ける,"to break,to be broken"
1003810,くたびれる,,"to get tired,to wear out"
1184360,くだらない,,"good-for-nothing,stupid,trivial,worthless"
1184450,くだる,下る,"to get down,to descend"
1359940,くちびる,唇,lips
1276110,くちべに,口紅,lipstick
1003860,くっつく,,"to adhere to,to keep close to"
1003870,くっつける,,to attach
1572760,くどい,,"verbose,importunate,heavy (taste)"
1244050,くとうてん,句読点,punctuation marks
1472990,くばる,配る,"to distribute,to deliver"
1278220,くふう,工夫,"labourer,worker"
1244230,くぶん,区分,"division,section,classification"
1592290,くみあわせ,組合せ,combination
1397580,くみたてる,組み立てる,"to assemble,to set up,to construct"
1229610,くむ,汲む,"(1) to draw (water),to dip,to scoop,to pump"
1324210,くむ,酌む,to serve sake
1592350,くやしい,悔しい,"regrettable,mortifying,vexing"
1200450,くやむ,悔やむ,to mourn
1044440,クリーニング,,"cleaning,dry cleaning,laundry service"
2831360,くるむ,,"to be engulfed in,to be enveloped by,to wrap up"
1269140,くれぐれも,,"repeatedly,sincerely,earnestly"
1609730,くわえる,咥える,
1249230,ぐん,郡,"country,district"
1250990,けいこ,稽古,"practice,training,study"
1250750,けいご,敬語,"honorific,term of respect"
1592540,けいこうとう,蛍光灯,"fluorescent lamp,person who is slow to react"
1250310,けいしき,形式,"form,formality,format,math expression"
1251810,けいぞく,継続,continuation
1533860,けいと,毛糸,knitting wool
1251630,けいど,経度,longitude
1251030,けいとう,系統,"system,family line,geological formation"
1253130,げいのう,芸能,"public entertainment,accomplishments,attainments"
1234210,けいば,競馬,horse racing
1252490,けいび,警備,"defense,guard,policing,security"
1250430,けいようし,形容詞,true adjective
1250450,けいようどうし,形容動詞,"adjectival noun,quasi-adjective"
1203380,げか,外科,surgical department
1533930,けがわ,毛皮,"fur,skin,pelt"
1253690,げきぞう,激増,sudden increase
1185170,げしゃ,下車,"alighting,getting off"
1185330,げじゅん,下旬,month (last third of)
1185510,げすい,下水,"drainage,sewage,ditch,gutter,sewerage"
1298090,けずる,削る,"to cut down little by little,to take a percentage"
1253800,けた,桁,"column,beam,digit"
1185780,げた,下駄,"geta (Japanese footwear),wooden clogs"
1255110,けつあつ,血圧,blood pressure
1255120,けつえき,血液,blood
1255560,げっきゅう,月給,monthly salary
1253840,けっさく,傑作,"masterpiece,best work,boner,blunder"
1255840,げつまつ,月末,end of the month
1222510,けはい,気配,"indication,market trend,worry"
1186230,げひん,下品,"vulgarity,meanness,indecency,coarseness"
1177190,けむい,煙い,smoky
1333400,ける,蹴る,to kick
1260530,けわしい,険しい,"inaccessible place,sharp eyes"
1259440,けんがく,見学,"inspection,study by observation,field trip"
1260190,けんきょ,謙虚,"modesty,humility"
1261340,げんこう,原稿,"manuscript,copy"
1261470,げんさん,原産,"place of origin,habitat"
1261500,げんし,原始,"origin,primeval"
1258660,けんしゅう,研修,training
1262660,げんじゅう,厳重,"strict,rigour,severe,firm"
1260240,けんそん,謙遜,"humble,humility,modesty"
1258880,けんちょう,県庁,prefectural office
1264690,げんど,限度,"limit,bounds"
1263500,げんに,現に,"actually,really"
1260660,けんびきょう,顕微鏡,microscope
1262460,げんり,原理,"principle,theory,fundamental truth"
1262490,げんりょう,原料,raw materials
1270870,ご,碁,Go (board game of capturing territory)
1558760,こいしい,恋しい,"(1) dear,beloved,darling,(2) yearned for"
1592920,こう,請う,"to ask,to request"
1277980,こういん,工員,factory worker
1236170,ごういん,強引,"overbearing,coercive,pushy,forcible,high-handed"
1273420,こうがい,公害,"public nuisance,pollution"
1283400,こうきゅう,高級,"high class,high grade"
1273510,こうきょう,公共,"public,community,public service,society,communal"
1278090,こうげい,工芸,industrial arts
1277880,こうこう,孝行,filial piety
1271970,こうさ,交差,cross
1282280,こうし,講師,lecturer
1278130,こうじ,工事,construction work
1273820,こうしき,公式,"formula,formality,official"
1276220,こうじつ,口実,excuse
2008040,こうして,,thus
1279540,こうしゃ,校舎,school building
1273900,こうしゅう,公衆,the public
1283060,こうすい,香水,perfume
1274120,こうせい,公正,"justice,fairness,impartiality"
1275070,こうせき,功績,"achievements,merit,meritorious service,meritorious deed"
1273030,こうせん,光線,"beam,light ray"
1283690,こうそう,高層,upper
1279790,こうぞう,構造,"structure,construction"
1592990,こうたい,交替,"alternation,change,relief,relay,shift"
1280990,こうち,耕地,arable land
1272320,こうつうきかん,交通機関,transportation facilities
1279600,こうてい,校庭,campus
1281180,こうてい,肯定,"positive,affirmation"
1283830,こうど,高度,"altitude,height,advanced"
1283850,こうとう,高等,"high class,high grade"
1285140,ごうどう,合同,"combination,incorporation,union,amalgamation"
1270010,こうはい,後輩,junior (at work or school)
1274550,こうひょう,公表,"official announcement,proclamation"
1282650,こうぶつ,鉱物,mineral
1274810,こうむ,公務,"official business,public business"
1283000,こうもく,項目,item
1578780,こうよう,紅葉,(1) (Japanese) maple
1285330,ごうり,合理,rational
1272580,こうりゅう,交流,"alternating current,intercourse,(cultural) exchange,intermingling"
1285390,ごうりゅう,合流,"confluence,union,linking up,merge"
1275250,こうりょく,効力,"effect,efficacy,validity,potency"
1593070,こえる,超える,"to exceed,to cross over,to cross"
1048830,コース,,course
1049340,コーラス,,chorus
1350710,こがす,焦がす,"to burn,to scorch,to singe,to char"
1286160,こくおう,国王,king
1286780,こくせき,国籍,nationality
1287180,こくりつ,国立,national
1005030,ごくろうさま,,Thank you very much for your....
1350730,こげる,焦げる,"to burn,to be burned"
1446180,こごえる,凍える,"to freeze,to be chilled,to be frozen"
1360890,こころあたり,心当たり,"having some knowledge of,happening to know"
1360920,こころえる,心得る,"to be informed,to have thorough knowledge"
1288370,こしかけ,腰掛け,"seat,bench"
1288350,こしかける,腰掛ける,to sit (down)
1268300,ごじゅうおん,五十音,the Japanese syllabary
1267600,こしょう,胡椒,pepper
1567390,こしらえる,,"to make,to manufacture"
1175300,こす,超す,"to cross,to pass,to tide over"
1298910,こする,擦る,"to rub,to chafe,to file,to frost (glass),to strike (match)"
1264980,こたい,個体,an individual
1593590,ごちそう,御馳走,"feast,treating (someone)"
1270520,ごちそうさま,,feast
1004510,こちらこそ,,it is I who should say so
1348030,こづかい,小遣い,"personal expenses,pocket money,spending money,incidental expenses,allowance"
1050310,コック,,"(1) cook (nl:),(2) tap,spigot,faucet,cock"
1004520,こっそり,,"stealthily,secretly"
1265860,こてん,古典,"old book,classics,classic"
1241450,こと,琴,Koto (Japanese harp)
1593330,ことづける,言付ける,"to send word,to send a message"
1264560,ことばづかい,言葉遣い,"speech,expression,wording"
1004610,こないだ,,"the other day,lately,recently"
1270650,ごぶさた,御無沙汰,not writing or contacting for a while
1557640,こぼす,,to spill
1557650,こぼれる,零れる,"to overflow,to spill"
1054570,ゴム,,"gum,rubber,eraser"
1270670,ごめん,御免,"your pardon,declining (something),dismissal,permission"
1270690,ごめんください,,May I come in?
1348170,こゆび,小指,little finger
2827352,こらえる,,"to bear,to stand,to endure,to put up with"
1269290,ごらく,娯楽,"pleasure,amusement"
1270760,ごらん,御覧,"(hon) look,inspection,try"
1051540,コレクション,,"(1) collection,(2) correction"
1440980,ころがす,転がす,to roll
1441000,ころがる,転がる,"to roll,to tumble"
1290590,こん,紺,"navy blue,deep blue"
1051840,コンクール,,contest (fr: concours)
1051860,コンクリート,,concrete
1290360,こんごう,混合,"mixing,mixture"
1052330,コンセント,,"(1) consent,(2) concentric"
1258500,こんだて,献立,"menu,program,schedule"
1289480,こんばんは,,good evening
1054850,サークル,,"circle,sports club (i.e. at a company)"
1296440,ざいがく,在学,(enrolled) in school
1292760,さいさん,再三,"again and again,repeatedly"
1295310,さいじつ,祭日,"national holiday,festival day"
1292200,さいそく,催促,"request,demand,claim,urge (action),press for"
1294850,さいてん,採点,"marking,grading,looking over"
1295110,さいなん,災難,"calamity,misfortune"
1296200,さいほう,裁縫,sewing
1296660,ざいもく,材木,"lumber,timber"
1056150,サイレン,,siren
1226970,さかさ,逆さ,"reverse,inversion,upside down"
1593650,さかさま,逆様,"inversion,upside down"
1593670,さがす,捜す,"to search,to seek,to look for"
1397830,さかのぼる,遡る,"to go back,to go upstream,to make retroactive"
1329110,さかば,酒場,"bar,bar-room"
1576030,さきおととい,,two days before yesterday
1388170,さきほど,先程,some time ago
1207730,さく,裂く,"to tear,to split"
1298320,さくいん,索引,"index,indices"
1297710,さくしゃ,作者,"author,authoress"
1298120,さくじょ,削除,"elimination,cancellation,deletion,erasure"
1297760,さくせい,作成,"frame,draw up,make,producing"
1297790,さくせい,作製,manufacture
1418260,さぐる,探る,"to search,to look for,to sound out"
1565670,ささやく,囁く,"to whisper,to murmur"
1306390,ささる,刺さる,"to stick,to be stuck"
1585630,さじ,匙,spoon
1291990,ざしき,座敷,tatami room
1593780,さしつかえ,差し支え,"hindrance,impediment"
1291090,さしひき,差し引き,"deduction,subtraction,balance,ebb and flow,rise and fall"
1306570,さしみ,刺身,sliced raw fish
1306470,さす,刺す,"to pierce,to stab,to prick,to thrust"
1399830,さす,挿す,"to insert,to put in,to graft,to wear in belt"
1609820,さす,注す,"to pour (drink),to serve (drinks)"
1322170,さす,射す,"to shine,to strike"
1552390,さすが,流石,"clever,adept,good,expectations,as one would expect"
1298800,さつえい,撮影,photographing
1299280,ざつおん,雑音,"noise (jarring, grating)"
1005190,さっさと,,quickly
1400300,さっそく,早速,"at once,immediately,without delay,promptly"
1593820,さび,錆,rust (colour)
1299640,さびる,錆びる,"to rust,to become rusty"
1291980,ざぶとん,座布団,cushion (Japanese)
1556740,さます,冷ます,"to cool,to dampen,to let cool"
1519120,さまたげる,妨げる,"to disturb,to prevent"
1556750,さめる,冷める,"to become cool,to wear off,to abate,to subside"
1291050,さようなら,,good-bye
1293640,さらいげつ,再来月,month after next
1293650,さらいしゅう,再来週,week after next
1293660,さらいねん,再来年,year after next
1057960,サラリーマン,,"salary man,company employee"
1403000,さわがしい,騒がしい,noisy
1399520,さわやか,,"fresh,refreshing,invigorating"
1299970,さんかく,三角,"triangle,triangular"
1303930,さんすう,算数,arithmetic
1304330,さんせい,酸性,acidity
1303820,さんち,産地,producing area
1058760,サンプル,,sample
1303230,さんりん,山林,"mountain forest,mountains and forest"
1305130,しあがる,仕上がる,to be finished
1594050,しあさって,,two days after tomorrow
1059300,シーズン,,season (sporting)
1059400,シーツ,,sheet
1315250,じいん,寺院,temple
1631970,しいん,,"silent (as the grave),(deathly) quiet"
1317400,じえい,自衛,self-defense
1609860,しおからい,塩辛い,salty (taste)
1306640,しかい,司会,chairmanship
1307090,しかく,四角,square
1307100,しかくい,四角い,square
1315960,じかんわり,時間割,"timetable,schedule"
1307130,しき,四季,four seasons
1497060,しきち,敷地,site
1311900,しきゅう,至急,"urgent,pressing"
1497020,しく,敷く,"to spread out,to lay out"
1533740,しげる,茂る,"to grow thick,to luxuriate,to be luxurious"
1315790,じさん,持参,"bringing,taking,carrying"
1317080,じしゃく,磁石,magnet
1307250,ししゃごにゅう,四捨五入,rounding up (fractions)
1307570,しじゅう,始終,"continuously,from beginning to end"
1317900,じしゅう,自習,self-study
1594270,しずまる,静まる,"to quieten down,to calm down,to subside"
1307740,しせい,姿勢,"attitude,posture"
1318110,しぜんかがく,自然科学,natural science
1316290,じそく,時速,speed (per hour)
1307990,しそん,子孫,"descendants,posterity,offspring"
1310920,したい,死体,corpse
1185370,したがき,下書き,"rough copy,draft"
1185940,したまち,下町,"Shitamachi,lower parts of town"
1317810,じち,自治,"self-government,autonomy"
1320920,じっかん,実感,"feelings (actual, true)"
1320410,しっけ,湿気,"moisture,humidity,dampness"
1320410,しっき,湿気,"moisture,humidity,dampness"
1005550,しつこい,,"insistent,obstinate"
1321200,じっしゅう,実習,"practice,training"
1321240,じっせき,実績,"achievements,actual results"
1320490,しつど,湿度,level of humidity
1319710,しっぴつ,執筆,writing
1321430,じつぶつ,実物,"real thing,original"
1358800,しっぽ,,tail (animal)
1321480,じつよう,実用,"practical use,utility"
1321530,じつりょく,実力,"merit,efficiency,arms,force"
1321560,じつれい,実例,"example,illustration"
1320250,しつれん,失恋,"disappointed love,broken heart,unrequited love,be lovelorn"
1309910,してい,指定,"designation,specification,assignment,pointing at"
1311340,してつ,私鉄,private railway
1315060,じどう,児童,"children,juvenile"
1476050,しばる,縛る,"to tie,to bind"
1421420,じばん,地盤,(the) ground
1569620,しびれる,,"to become numb,to go to sleep (i.e., a limb)"
1311600,しへい,紙幣,"paper money,notes,bills"
1427460,しぼむ,,"to wither,to fade (away),to shrivel,to wilt"
1594520,しぼる,絞る,"to press,to wring,to squeeze"
1321670,しま,縞,stripe
1421490,じみ,地味,"plain,simple"
1005610,しみじみ,,"keenly,deeply,heartily"
1311060,しめい,氏名,"full name,identity"
1594590,しめきり,締切,"closing,cut-off,end,deadline,Closed,No Entrance"
1594600,しめきる,締め切る,to shut up
1320390,しめる,湿る,"to be wet,to become wet,to be damp"
1064980,ジャーナリスト,,journalist
1322720,しゃかいかがく,社会科学,social science
1005630,しゃがむ,,to squat
1323370,じゃぐち,蛇口,"faucet,tap"
1324870,じゃくてん,弱点,"weak point,weakness"
1323120,しゃこ,車庫,"garage,car shed"
1323170,しゃしょう,車掌,(train) conductor
1322120,しゃせい,写生,"sketching,drawing from nature"
1322890,しゃせつ,社説,"editorial,leading article"
1005650,しゃっくり,,"hiccough,hiccup"
1061440,シャッター,,shutter
1005670,しゃぶる,,"to suck,to chew"
1323280,しゃりん,車輪,(car) wheel
1568640,しゃれ,洒落,"joke,pun,witticism"
1005970,じゃんけん,,(n) rock-scissors-paper game
1333600,しゅうかい,集会,"meeting,assembly"
2841455,じゅうきょ,住居,"dwelling,house,residence,address"
1333620,しゅうきん,集金,money collection
1333680,しゅうごう,集合,"gathering,assembly,meeting,set (math)"
1333110,しゅうじ,習字,penmanship
1332170,しゅうぜん,修繕,"repair,mending"
1595360,じゅうたい,重体,"seriously ill,serious condition,critical state"
1595370,じゅうたん,絨毯,carpet
1332950,しゅうてん,終点,"terminus,last stop (e.g train)"
1336570,じゅうてん,重点,"important point,lay stress on,colon,emphasis"
1331780,しゅうにん,就任,"inauguration,assumption of office"
1331300,しゅうへん,周辺,"circumference,outskirts,environs,(computer) peripheral"
1336770,じゅうやく,重役,"director,high executive"
1333040,しゅうりょう,終了,"end,close,termination"
1336900,じゅうりょう,重量,"(1) weight,(2) heavyweight boxer"
1336980,じゅうりょく,重力,gravity
1337830,じゅくご,熟語,"idiom,idiomatic phrase,kanji compound"
1337500,しゅくじつ,祝日,national holiday
1337630,しゅくしょう,縮小,"reduction,curtailment"
1329740,じゅけん,受験,taking an examination
1325420,しゅご,主語,(gram) subject
1338600,しゅっきん,出勤,"going to work,at work"
1340840,じゅつご,述語,predicate
1339660,しゅっちょう,出張,"official tour,business trip"
1330240,じゅみょう,寿命,life span
1326290,しゅやく,主役,"leading part,leading actor (actress)"
1330090,じゅわき,受話器,(telephone) receiver
1341340,じゅんかん,循環,"circulation,rotation,cycle"
1342110,じゅんさ,巡査,"police,policeman"
1342230,じゅんじゅん,順々,"in order,in turn"
1342340,じゅんじょ,順序,"order,sequence,procedure"
1341910,じゅんじょう,純情,"pure heart,naivete,self-sacrificing devotion"
1341930,じゅんすい,純粋,"pure,true,genuine,unmixed"
1350140,しょうか,消化,digestion
1347880,しょうがくせい,小学生,grade school student
1305510,しょうがない,,
1347640,しょうぎ,将棋,Japanese chess
1356930,じょうき,蒸気,"steam,vapour"
1435520,じょうぎ,定規,(measuring) ruler
1352930,じょうきゅう,上級,"advanced level,high grade,senior"
1346740,しょうぎょう,商業,"commerce,trade,business"
1350220,しょうきょくてき,消極的,passive
1351930,しょうきん,賞金,"prize,monetary award"
1352710,じょうげ,上下,"high and low,up and down,unloading and loading,praising and blaming"
1352090,しょうじ,障子,paper sliding door
1347080,しょうしゃ,商社,"trading company,firm"
1355270,じょうしゃ,乗車,"taking a train,entraining"
1353410,じょうじゅん,上旬,first 10 days of month
1378660,しょうずる,生ずる,"to cause,to arise,to be generated"
1348370,しょうすう,小数,"fraction (part of),decimal"
1347180,しょうてん,商店,"shop,business firm"
1350810,しょうてん,焦点,"focus,point"
1350270,しょうどく,消毒,"disinfection,sterilization"
1346220,しょうはい,勝敗,"victory or defeat,issue (of battle)"
1356960,じょうはつ,蒸発,"evaporation,unexplained disappearance"
1351960,しょうひん,賞品,"prize,trophy"
1346230,しょうぶ,勝負,"victory or defeat,match,contest,game,bout"
1580280,しょうべん,小便,"(col) urine,piss"
1350370,しょうぼうしょ,消防署,fire station
1377980,しょうみ,正味,net (weight)
1378030,しょうめん,正面,"the front,honesty"
1580310,しょうもう,消耗,"exhaustion,consumption"
1595020,しょうゆ,醤油,soy sauce
1351120,しょうりゃく,省略,"omission,abbreviation,abridgment"
1342710,しょきゅう,初級,elementary level
1344550,じょきょうじゅ,助教授,assistant professor
1358410,しょくえん,食塩,table salt
1357550,しょくにん,職人,"worker,mechanic,artisan,craftsman"
1342820,しょじゅん,初旬,first 10 days of the month
1344090,しょせき,書籍,"book,publication"
1358430,しょっき,食器,tableware
1062820,ショップ,,a shop
1344120,しょてん,書店,bookshop
1344130,しょどう,書道,calligraphy
1583050,しらが,白髪,"white or grey hair,trendy hair bleaching"
1595070,しりあい,知合い,acquaintance
1062910,シリーズ,,series
1311420,しりつ,私立,private (establishment)
1312820,しりょう,資料,"materials,data"
1335520,しる,汁,"juice,sap,soup,broth"
1397270,しろうと,素人,"amateur,novice"
1595120,しん,芯,"core,heart,wick,marrow"
1361590,しんかんせん,新幹線,"bullet train (very high speed),shinkansen"
1363600,しんくう,真空,"vacuum,hollow,empty"
1359070,しんずる,信ずる,"to believe,to believe in,to place trust in"
1360750,しんしん,心身,mind and body
1363130,しんせい,申請,"application,request,petition"
1368580,じんぞう,人造,"man-made,synthetic,artificial"
1580570,しんだい,寝台,"bed,couch"
1365480,しんだん,診断,diagnosis
1359850,しんにゅう,侵入,"penetration,invasion,raid,aggression,trespass"
1369140,じんぶんかがく,人文科学,"social sciences,humanities"
1369400,じんめい,人命,(human) life
1362810,しんや,深夜,late at night
1362530,しんりん,森林,"forest,woods"
1365420,しんるい,親類,"relation,kin"
1366280,しんろ,針路,"course,direction,compass bearing"
1364940,しんわ,神話,"myth,legend"
1370270,す,酢,vinegar
1609990,すいさん,水産,"marine products,fisheries"
1372350,すいじ,炊事,"cooking,culinary arts"
1371660,すいじょうき,水蒸気,"water vapour,steam"
1371780,すいそ,水素,hydrogen
1370980,すいちょく,垂直,"vertical,perpendicular"
1371210,すいてい,推定,"presumption,assumption,estimation"
1371880,すいてき,水滴,drop of water
1371910,すいとう,水筒,"canteen,flask,water bottle"
1372790,ずいひつ,随筆,"essays,miscellaneous writings"
1372010,すいぶん,水分,moisture
1372040,すいへい,水平,"water level,horizon"
1372060,すいへいせん,水平線,horizon
1372180,すいよう,水曜,Wednesday
1595940,ずうずうしい,,"impudent,shameless"
1006380,ずうっと,,
1584380,すえっこ,末っ子,youngest child
1067480,スカーフ,,scarf
1370370,ずかん,図鑑,picture book
1373520,すぎ,杉,Japanese cedar
1277460,すききらい,好き嫌い,"likes and dislikes,taste"
1595570,すきずき,好き好き,matter of taste
1450510,すきとおる,透き通る,to be(come) transparent
1253790,すきま,隙間,"crevice,crack,gap,opening"
1068230,スクール,,school
1595610,すくなくとも,,at least
1370380,ずけい,図形,figure
1068870,スケジュール,,schedule
1557580,すず,鈴,bell
1554380,すずむ,涼む,"to cool oneself,to cool off,to enjoy evening cool"
1069370,スタート,,start
1070220,スチュワーデス,,stewardess
1006120,すっきり,,"shapely,clear,neat"
1304280,すっぱい,,"sour,acid"
1070320,ステージ,,"(1) stage,(2) performance"
1322320,すてる,棄てる,
1071000,ストッキング,,stockings
1071100,ストップ,,stop
1397340,すなお,素直,"obedient,meek,docile,unaffected"
1450900,ずのう,頭脳,"head,brains,intellect"
1072240,スピーカー,,speaker
1370490,ずひょう,図表,"chart,diagram,graph"
1073570,スマート,,"smart,stylish,slim"
1595750,すまい,住まい,"dwelling,house,residence,address"
1610020,すまない,,sorry (phrase)
1521510,すみ,墨,ink
1373680,すむ,澄む,"to clear (e.g. weather),to become transparent"
1373680,すむ,清む,
1401360,すもう,相撲,sumo wrestling
1073760,スライド,,slide
1006420,ずらす,,"to put off,to delay"
2008600,ずらり,,
1298670,する,刷る,to print
1569240,ずるい,狡い,"sly,cunning"
1595920,すれちがう,,"to pass by one another,to disagree"
1006460,ずれる,,
1373810,すんぽう,寸法,"measurement,size,dimension"
1375190,せい,姓,"surname,family name"
1382090,ぜいかん,税関,customs house
1380650,せいさく,製作,"manufacture,production"
1374810,せいさく,制作,"work (film, book)"
1375390,せいしつ,性質,"nature,property,disposition"
1378240,せいしょ,清書,clean copy
1381570,せいしょうねん,青少年,"youth,young person"
1376190,せいすう,整数,integer
1378320,せいそう,清掃,cleaning
1379230,せいぞん,生存,"existence,being,survival"
1379370,せいちょう,生長,"growth,increment"
1376060,せいとう,政党,(member of) political party
1379410,せいねんがっぴ,生年月日,birth date
1375470,せいのう,性能,"ability,efficiency"
1376240,せいび,整備,"adjustment,completion,consolidation"
1375860,せいぶん,成分,"ingredient,component,composition"
1375520,せいべつ,性別,"distinction by sex,sex,gender"
1377920,せいほうけい,正方形,square
1378100,せいもん,正門,"main gate,main entrance"
1375880,せいりつ,成立,"coming into existence,arrangements,establishment,completion"
1381140,せいれき,西暦,"Christian Era,anno domini (A.D.)"
1472860,せおう,背負う,"to be burdened with,to carry on back or shoulder"
1383560,せきどう,赤道,equator
1596090,せっかく,折角,"with trouble,at great pains,long-awaited"
1385370,せっきん,接近,"getting closer,drawing nearer,approaching"
1385350,せっする,接する,"to come in contact with,to connect,to attend,to receive"
2008620,せっせと,,
1385480,せつぞく,接続,"(1) connection,union,join,link,(2) changing trains"
1374400,せともの,瀬戸物,"earthenware,crockery,china"
1610700,ぜひとも,,by all means (with sense of not taking no for an answer)
1475720,せまる,迫る,"to draw near,to press"
1075160,ゼミ,,(n) seminar
1006570,せめて,,"offense,method of attack"
1279130,せめる,攻める,"to attack,to assault"
1074740,セメント,,cement
1956550,せん,栓,"stopper,cork,stopcock"
1392910,ぜんご,前後,"around,throughout,front and back,before and behind,before and after"
1390950,せんざい,洗剤,"detergent,washing material"
1395340,ぜんしゅう,全集,complete works
1395410,ぜんしん,全身,"the whole body,full-length (portrait)"
1390730,せんす,扇子,folding fan
1389810,せんせい,専制,"despotism,autocracy"
1596200,せんせんげつ,先々月,month before last
1888910,せんせんしゅう,先々週,
1388030,せんぞ,先祖,ancestor
1388110,せんたん,先端,"pointed end,tip,fine point"
1075060,センチ,,"centimeter,centi-,10^-2"
1389730,せんでん,宣伝,"propaganda,publicity"
1596210,せんとう,先頭,"head,lead,vanguard,first"
1396020,ぜんぱん,全般,"(the) whole,universal,wholly,general"
1390760,せんぷうき,扇風機,electric fan
1391880,せんろ,線路,"line,track,roadbed"
1400820,そうい,相違,"difference,discrepancy,variation"
1982210,そういえば,,which reminds me ..
1299370,ぞうきん,雑巾,"house-cloth,dust cloth"
1403200,ぞうげん,増減,"increase and decrease,fluctuation"
1399120,そうこ,倉庫,"storehouse,warehouse,godown"
1596370,そうご,相互,"mutual,reciprocal"
1398420,そうさく,創作,"production,literary creation,work"
1402160,そうしき,葬式,funeral
1403720,ぞうせん,造船,shipbuilding
1596440,そうぞうしい,騒々しい,"noisy,boisterous"
1403310,ぞうだい,増大,enlargement
1006810,そうっと,,
1402850,そうべつ,送別,"farewell,send-off"
1402060,ぞうり,草履,"zoori (Japanese footwear),sandals"
1401820,そうりだいじん,総理大臣,Prime Minister
1402870,そうりょう,送料,"postage,carriage"
1405710,ぞくする,属する,"to belong to,to come under,to be affiliated with,to be subject to"
1596730,ぞくぞく,続々,"successively,one after another"
1405030,そくたつ,速達,"express,special delivery"
1404570,そくてい,測定,measurement
1404590,そくりょう,測量,"measurement,surveying"
1405080,そくりょく,速力,speed
1397240,そしつ,素質,"character,qualities,genius"
1396820,そせん,祖先,ancestor
1006740,そそっかしい,,"careless,thoughtless"
1596570,そっちょく,卒直,"frankness,candour,openheartedness"
1244960,そなえる,具える,to be furnished with
1006880,そのうえ,,"in addition,furthermore"
2547920,そのころ,,
1006850,そのため,,"hence,for that reason"
1006900,そのほか,,otherwise
1238460,そば,蕎麦,soba (buckwheat noodles)
1581900,そる,剃る,to shave
2055520,それなのに,,
1576360,それる,逸れる,"to stray (turn) from subject,to get lost,to go astray"
1406110,そろう,揃う,"to become complete,to be equal,to be all present,to gather"
1406120,そろえる,揃える,"to put things in order,to arrange,to make uniform,to get something ready"
1596700,そろばん,算盤,abacus
1406140,ぞんじる,存じる,(hum) to know
1983710,ぞんずる,存ずる,
1406770,そんとく,損得,"loss and gain,advantage and disadvantage"
1442840,たんぼ,田ぼ,"paddy field,farm"
1415270,だいいち,第一,"first,foremost,# 1"
1413250,だいがくいん,大学院,graduate school
1413690,だいく,大工,carpenter
1409390,たいけい,体系,"system,organization"
1408280,たいこ,太鼓,"drum,tambourine"
1410050,たいさく,対策,"counter-plan,counter-measure"
1412970,たいして,大して,"(not so) much,(not) very"
1410080,たいしょう,対照,"contrast,antithesis,comparison"
1414110,だいしょう,大小,size
1409550,たいせい,体制,"order,system,structure,set-up,organization"
1409560,たいせき,体積,"capacity,volume"
1414380,たいそう,大層,"very much,exaggerated,very fine"
1409580,たいそう,体操,"gymnastics,physical exercises,calisthenics"
1414920,だいぶん,大分,"considerably,greatly,a lot"
1415090,たいぼく,大木,large tree
1415490,だいめい,題名,title
1412340,だいめいし,代名詞,pronoun
1076120,タイア,,"tire,tyre"
1076680,ダイヤグラム,,diagram
1076890,ダイヤモンド,,diamond
1076900,ダイヤル,,dial
1410290,たいりつ,対立,"confrontation,opposition,antagonism"
1442810,たうえ,田植え,rice planting
1386700,たえず,絶えず,constantly
1409000,だえん,楕円,ellipse
1283240,たかめる,高める,"to raise,to lift,to boost"
1280950,たがやす,耕す,"to till,to plow,to cultivate"
1415520,たき,滝,waterfall
1596830,たく,炊く,"to boil,to cook"
1596840,たく,焚く,"to burn,to kindle,to build a fire"
1596860,たくわえる,蓄える,"to store,to lay in stock"
1422230,たけ,竹,"bamboo,middle (of a three-tier ranking system)"
1344380,たすかる,助かる,"to be saved,to be rescued,to survive,to be helpful"
1416190,ただし,但し,"but,however,provided that"
1356780,たたむ,畳む,to fold (clothes)
1551350,たちどまる,立ち止まる,"to stop,to halt,to stand still"
1288480,たちまち,,"at once,in a moment,suddenly,all at once"
1597045,たつ,建つ,"to erect,to be erected,to be built"
2857436,たつ,発つ,"to depart (on a plane, train, etc.)"
1416560,だっせん,脱線,"derailment,digression"
1408540,だとう,妥当,"valid,proper,right,appropriate"
1597130,たとえる,例える,"to compare,to liken,to speak figuratively,to illustrate,to use a simile"
1548380,たのもしい,頼もしい,"reliable,trustworthy,hopeful,promising"
1404920,たび,足袋,"tabi,Japanese socks (with split toe)"
1077110,ダブル,,double
1574550,だます,,"to trick,to cheat,to deceive"
1552650,たまる,溜まる,"to collect,to gather,to save"
1077140,ダム,,dumb
1597190,ためいき,溜息,a sigh
1573390,ためらう,,to hesitate
1552630,ためる,溜める,"to amass,to accumulate"
1007500,だらしない,,"slovenly,loose,a slut"
1404750,たる,足る,"to be sufficient,to be enough"
1419950,だんかい,段階,"gradation,grade,stage"
1418640,たんき,短期,short term
1597260,たんこう,炭鉱,"coal mine,coal pit"
1418760,たんしょ,短所,"(1) defect,demerit,weak point,(2) disadvantage"
1418990,たんす,,chest of drawers
1418460,たんすい,淡水,fresh water
1419660,だんすい,断水,water outage
1417670,たんすう,単数,singular (number)
1419300,だんち,団地,multi-unit apartments
1419740,だんてい,断定,"conclusion,decision"
1597300,たんぺん,短編,"short (e.g. story, film)"
1381210,ちかう,誓う,"to swear,to vow,to take an oath,to pledge"
1622630,ちかすい,地下水,underground water
1578110,ちかぢか,近々,"nearness,before long"
1242520,ちかづける,近付ける,"to bring near,to put close,to let come near,to associate with"
1242230,ちかよる,近寄る,"to approach,to draw near"
1554940,ちからづよい,力強い,"reassuring,emboldened"
1389020,ちぎる,千切る,"to cut up fine,to pick (fruit)"
1421130,ちしつ,地質,geological features
1420620,ちじん,知人,"friend,acquaintance"
1421360,ちたい,地帯,"area,zone"
1337560,ちぢむ,縮む,"to shrink,to be contracted"
1337570,ちぢめる,縮める,"to shorten,to reduce,to boil down,to shrink"
1337590,ちぢれる,縮れる,"to be wavy,to be curled"
1077740,チップ,,"(1) gratuity,tip,(2) chip"
1421380,ちてん,地点,"site,point on a map"
1421500,ちめい,地名,place name
1983730,ちゃいろい,茶色い,
1597480,ちゃくちゃく,着々,steadily
1597530,ちゃわん,茶碗,"rice bowl,tea cup,teacup"
1423680,ちゅうかん,中間,"middle,midway,interim"
1424490,ちゅうじゅん,中旬,second third of a month
1426190,ちゅうしょう,抽象,abstract
1424690,ちゅうせい,中世,"Middle Ages,mediaeval times"
1424710,ちゅうせい,中性,"neuter gender,neutral (chem.),indifference,sterility"
1425030,ちゅうと,中途,"in the middle,half-way"
1425240,ちゅうねん,中年,middle-aged
1429410,ちょうか,超過,"excess,being more than"
1427980,ちょうこく,彫刻,"carving,engraving,sculpture"
1430030,ちょうしょ,長所,"(1) strong point,merit,(2) advantage"
1430040,ちょうじょ,長女,eldest daughter
1429200,ちょうせい,調整,"regulation,adjustment,tuning"
1429240,ちょうせつ,調節,"regulation,adjustment,control"
1430070,ちょうたん,長短,"length,long and short,+-"
1430240,ちょうてん,頂点,"top,summit"
1430080,ちょうなん,長男,eldest son
1430130,ちょうほうけい,長方形,"rectangle,oblong"
1429290,ちょうみりょう,調味料,"condiment,seasoning"
1078240,チョーク,,"chock,chalk"
1430930,ちょくご,直後,immediately following
1431310,ちょくせん,直線,straight line
1431330,ちょくぜん,直前,just before
1431440,ちょくつう,直通,direct communication
1431600,ちょくりゅう,直流,direct current
1427220,ちょぞう,貯蔵,"storage,preservation"
1430800,ちょっかく,直角,right angle
1597720,ちょっけい,直径,diameter
1303420,ちらかす,散らかす,"to scatter around,to leave untidy"
1303430,ちらかる,散らかる,"to be in disorder,to lie scattered around"
1303460,ちらす,散らす,"to scatter,to disperse,to distribute"
1612710,ちりがみ,塵紙,"tissue paper,toilet paper"
1303490,ちる,散る,"to fall,to scatter (e.g. blossoms)"
1432460,ついか,追加,"addition,supplement,appendix"
1345470,ついで,序で,"opportunity,occasion"
1433050,つうか,通貨,currency
1433140,つうきん,通勤,commuting to work
1983740,つうずる,通ずる,
1433470,つうち,通知,"notice,notification"
1433490,つうちょう,通帳,passbook
1433560,つうやく,通訳,interpretation
1433570,つうよう,通用,"popular use,circulation"
1433600,つうろ,通路,"passage,pathway"
1597790,つきあう,付合う,"to associate with,to keep company with,to get on with"
1456770,つきあたり,突き当たり,end (e.g. of street)
1456780,つきあたる,突き当たる,"to run into,to collide with"
1255780,つきひ,月日,"time,years,days"
1441400,つく,点く,"to catch fire,(electricity) comes on"
1456890,つく,突く,"(1) to thrust,to strike,(2) to poke"
1316400,つぐ,次ぐ,"to rank next to,to come after"
1597890,つくる,造る,"to make,to create"
1495770,つける,着ける,"(1) to attach,to join,to add,to append"
1610400,つける,点ける,"to turn on,to switch on,to light up"
1433680,つける,浸ける,"to dip in,to soak"
1441900,つたわる,伝わる,"to be handed down,to be introduced,to be transmitted"
1456940,つっこむ,突っ込む,"to plunge into,to go into deeply"
1240825,つとめる,務める,"(1) to serve,to fill a post,to serve under,to work (for)"
1240820,つとめる,努める,"(1) to serve,to fill a post,to serve under,to work (for)"
1280880,つな,綱,rope
1251870,つながり,繋がり,"connection,link,relationship"
1251880,つながる,繋がる,"to be tied together,to be connected to,to be related to"
1251910,つなげる,繋げる,to connect
1552890,つぶ,粒,grain
1433820,つぶす,潰す,"to smash,to waste"
1433830,つぶれる,潰れる,"to be smashed,to go bankrupt"
1573400,つまずく,,"to stumble,to trip"
1226480,つまる,詰まる,"to be blocked,to be packed"
1382970,つむ,積む,"to pile up,to stack"
1433880,つめ,爪,"fingernail or toenail,claw,talon,hoof"
1177680,つや,艶,"gloss,glaze"
1236230,つよき,強気,"firm,strong"
1434050,つりあう,釣り合う,"to balance,to be in harmony,to suit"
1434020,つる,吊る,to hang
1433980,つるす,吊す,to hang
1338400,であい,出合い,an encounter
1328020,てあらい,手洗い,"restroom,lavatory,hand-washing"
1435400,ていいん,定員,"fixed number of regular personnel,capacity (of boat, etc.)"
1435410,ていか,定価,established price
1434250,ていか,低下,"fall,decline,lowering,deterioration"
1435510,ていきけん,定期券,"commuter pass,season ticket"
1435540,ていきゅうび,定休日,regular holiday
1434920,ていし,停止,"suspension,interruption,stoppage,ban"
1434960,ていしゃ,停車,stopping (e.g. train)
1435020,ていでん,停電,failure of electricity
1339910,でいり,出入り,"in and out,coming and going,free association,income and expenditure,debits and credit"
1598540,でいりぐち,出入口,exit and entrance
1328250,ていれ,手入れ,"repairs,maintenance"
1078830,テーマ,,"(n) theme,project,topic (de: Thema)"
1598550,でかける,出掛ける,"to depart,to set out,to start,to be going out"
1340600,できあがり,出来上がり,"be finished,ready,made for,cut out"
1340610,できあがる,出来上がる,"(1) to be finished,to be ready,by definition,(2) to be very drunk"
1437290,てきかく,的確,"precise,accurate"
1437290,てきかく,適確,"precise,accurate"
1327770,てくび,手首,wrist
1582410,でこぼこ,凸凹,"unevenness,roughness,ruggedness"
1327660,てごろ,手頃,"moderate,handy"
1339630,でたらめ,,"(1) irresponsible utterance,nonsense,nonsensical,(2) random"
1598330,てちょう,手帳,notebook
1437820,てっきょう,鉄橋,"railway bridge,iron bridge"
1598350,てつづき,手続き,"procedure,(legal) process,formalities"
1438010,てっぽう,鉄砲,gun
1080030,テニスコート,,tennis court
1598400,てぬぐい,手拭い,(hand) towel
1328030,てまえ,手前,"before,this side,we,you"
1338710,でむかえ,出迎え,"meeting,reception"
1338720,でむかえる,出迎える,"to meet,to greet"
1350840,てらす,照らす,"to shine on,to illuminate"
1350860,てる,照る,to shine
1440600,てんかい,展開,"develop,expansion (opposite of compression)"
1441960,でんき,伝記,"biography,life story"
1443170,でんきゅう,電球,light bulb
1441660,てんすう,点数,"marks,points,score,runs"
1442110,でんせん,伝染,contagion
1443620,でんち,電池,battery
1598460,てんてん,点々,"here and there,little by little"
1704220,てんてん,転々,
1443630,でんちゅう,電柱,"telephone pole,telegraph pole,lightpole"
1582030,てんのう,天皇,Emperor of Japan
1443720,でんぱ,電波,electro-magnetic wave
1081120,テンポ,,tempo
1443790,でんりゅう,電流,electric current
1443810,でんりょく,電力,electric power
1598590,といあわせ,問い合わせ,"enquiry,ENQ"
1582390,どう,銅,copper
1449670,とういつ,統一,"unity,consolidation,uniformity"
1452000,どうかく,同格,"the same rank,equality,apposition"
1454420,とうげ,峠,"ridge,(mountain) pass,difficult part"
1449710,とうけい,統計,"scattering,a scatter,dispersion"
1451350,どうさ,動作,"action,movements,motions,bearing,behaviour,manners"
1447910,とうざい,東西,"East and West,whole country"
1449210,とうじつ,当日,"appointed day,very day"
1447270,とうしょ,投書,"letter to the editor,letter from a reader,contribution"
1444800,とうじょう,登場,entry (on stage)
1008950,どうせ,,"anyhow,in any case,at any rate"
1008960,どうぞよろしく,,pleased to meet you
1448730,とうだい,灯台,lighthouse
1448500,とうなん,盗難,"theft,robbery"
1449220,とうばん,当番,being on duty
1449510,とうぶん,等分,division into equal parts
1450590,とうめい,透明,"transparency,cleanness"
1448760,とうゆ,灯油,"lamp oil,kerosene"
1448230,とうよう,東洋,Orient
1454000,どうわ,童話,fairy tale
1432940,とおりかかる,通り掛かる,to happen to pass by
1546040,とかす,溶かす,"to melt,to dissolve"
1389970,とがる,尖る,"to taper to a point,to become sharp,to be sour,to look displeased"
1009050,どきどき,,"throb,beat (fast)"
1546050,とく,溶く,to dissolve (paint)
1595080,どく,退く,"(1) to retreat,to recede,to withdraw"
1454970,とくしゅ,特殊,"special,unique"
1455080,とくしょく,特色,"characteristic,feature"
1455200,とくちょう,特長,"forte,merit"
1455210,とくてい,特定,"specific,special,particular"
1455250,とくばい,特売,special sale
1546090,とけこむ,溶け込む,to melt into
1546070,とける,溶ける,"to melt,to thaw,to fuse,to dissolve"
2850084,どける,退ける,"to remove,to take away,to dislodge,to put something out of the way"
1349400,とこのま,床の間,alcove
1349410,とこや,床屋,barber
1598730,ところどころ,所々,"here and there,some parts (of something)"
1445000,としん,都心,heart (of city)
1267050,とだな,戸棚,"cupboard,locker,closet,wardrobe"
1320570,とっくに,,"long ago,already,a long time ago"
1009210,どっと,,suddenly
1598800,ととのう,整う,"to be prepared,to be in order,to be put in order,to be arranged"
2657130,とどまる,留まる,"(1) to be fixed,(2) to abide,to stay (in the one place)"
1445740,どなる,,"to shout,to yell"
1598890,とびこむ,飛び込む,"to jump in,to leap in,to plunge into,to dive"
1429700,とぶ,跳ぶ,"to jump,to fly,to leap"
1310620,とまる,留まる,"(1) to be fixed,(2) to abide,to stay (in the one place)"
1474860,とめる,泊める,"to give shelter to,to lodge"
1444010,ともかく,,"anyhow,anyway,somehow or other,generally speaking,in any case"
1598960,とらえる,捕える,"to seize,to grasp,to capture,to arrest"
1326880,とりいれる,取り入れる,"to harvest,to take in,to adopt"
1326790,とりけす,取り消す,to cancel
1326770,とりだす,取り出す,"to take out,to produce,to pick out"
1599160,とる,採る,"(1) to adopt (measure, proposal),(2) to pick (fruit)"
1514140,とる,捕る,"to take,to catch (fish),to capture"
1087100,トレーニング,,training
1562970,どんぶり,丼,"porcelain bowl,bowl of rice with food on top"
1457830,ないか,内科,"internist clinic,internal medicine"
1458650,ないせん,内線,"phone extension,indoor wiring,inner line"
1089930,ナイロン,,nylon
2856318,なおす,治す,"to cure,to heal,to fix,to correct,to repair"
1429750,ながい,永い,"long,lengthy"
1426000,なかなおり,仲直り,"reconciliation,make peace with"
1610950,ながびく,長引く,"to be prolonged,to drag on"
1599430,なかみ,中身,"contents,interior,substance,filling,(sword) blade"
1599430,なかみ,中味,"contents,interior,substance,filling,(sword) blade"
1581690,なかゆび,中指,middle finger
1426100,なかよし,仲良し,"intimate friend,bosom buddy,chum"
1156890,なぐさめる,慰める,"to comfort,to console"
2835808,なくす,亡くす,"to lose someone, wife, child, etc"
1181390,なぐる,,"to strike,to hit"
2861111,なす,為す,"to accomplish,to do"
1599500,なぞなぞ,謎謎,"riddle,puzzle,enigma"
1632290,なだらか,,
1200490,なつかしい,懐かしい,"dear,desired,missed"
1498290,なでる,撫でる,"to brush gently,to stroke"
1322400,ななめ,斜め,obliqueness
1188330,なにしろ,,"at any rate,anyhow,anyway,in any case"
1599580,なになに,何々,"such and such,What?"
1189310,なにぶん,何分,"what minute?,how many minutes?"
1378790,なまいき,生意気,"impertinent,saucy,cheeky,conceit,audacious,brazen"
1599640,なみき,並木,"roadside tree,row of trees"
1599680,ならう,倣う,"to imitate,to follow,to emulate"
1532880,ならす,鳴らす,"to ring,to sound,to chime,to beat,to snort (nose)"
1611000,なる,生る,to bear fruit
1212670,なれる,馴れる,"to become domesticated,to become tame"
1460180,なんきょく,南極,"south pole,Antarctic"
1599730,なんとなく,,"somehow or other,for some reason or another"
1188690,なんとも,,"nothing (with neg. verb),quite,not a bit"
1090860,ナンバー,,number
1460570,なんべい,南米,South America
1460600,なんぼく,南北,south and north
1322490,にえる,煮える,"to boil,to cook,to be cooked"
1599780,におう,匂う,"to be fragrant,to smell,to stink"
1450320,にがす,逃がす,"to let loose,to set free,to let escape"
1403390,にくい,憎い,"hateful,abominable,poor-looking,detestable"
1403440,にくむ,憎む,"to hate,to detest"
1403450,にくらしい,憎らしい,"odious,hateful"
1091130,にこにこ,,
1415960,にごる,濁る,"to become muddy,to get impure"
1463740,にじ,虹,rainbow
1464110,にちじ,日時,date and time
1464910,にちようひん,日用品,daily necessities
1463860,にっか,日課,"daily lesson,daily work,daily routine"
1464300,にってい,日程,agenda
1582430,にぶい,鈍い,"dull (e.g. a knife),thickheaded,slow (opposite of fast),stupid"
1466260,にゅうしゃ,入社,entry to a company
1345420,にょうぼう,女房,wife
1569880,にらむ,睨む,"to glare at,to scowl at,to keep an eye on"
1322540,にる,煮る,"to boil,to cook"
1599920,にわか,俄,"sudden,abrupt,unexpected,improvised,offhand"
1517700,ぬう,縫う,to sew
1467610,ぬらす,濡らす,"to wet,to soak,to dip"
1585010,ねじ,,(a) screw
1611090,ねじる,捩る,to twist
1093000,ネックレス,,necklace
1467730,ねっする,熱する,to heat
1360040,ねまき,寝間着,"sleep-wear,nightclothes,pyjamas,nightgown,nightdress"
1360040,ねまき,寝巻,"sleep-wear,nightclothes,pyjamas,nightgown,nightdress"
1396550,ねらい,狙い,aim
1396590,ねらう,狙う,to aim at
1469050,ねんど,年度,"year,fiscal year,school year,term"
1470710,のうさんぶつ,農産物,agricultural produce
1470730,のうそん,農村,"agricultural community,farm village,rural"
1469970,のうど,濃度,"concentration,brightness"
1470780,のうやく,農薬,agricultural chemicals
1470330,のうりつ,能率,efficiency
1232930,のこぎり,,saw
1611130,のこらず,残らず,"all,entirely,completely,without exception"
1600270,のせる,載せる,"to place on (something),to take on board,to give a ride"
1470840,のぞく,覗く,"to peep in,to look in,to peek in,to stick out"
1600290,のばす,延ばす,"to lengthen,to stretch,to reach out,to grow (beard)"
1358870,のびる,延びる,to be prolonged
1352510,のぼり,上り,"up-train (going to Tokyo),ascent"
1352570,のぼる,上る,"to ascend,to go up,to climb"
1267400,のり,糊,"paste,starch"
1600460,のりかえ,乗換,"(n) transfer (trains, buses, etc.)"
2649690,のる,載る,"to appear (in print),to be recorded"
2838553,のろい,鈍い,"dull (e.g. a knife),thickheaded,slow (opposite of fast),stupid"
1010040,のろのろ,,"slowly,sluggishly"
1600560,のんき,呑気,"carefree,optimistic,careless,reckless,heedless"
1201970,はいいろ,灰色,"grey,gray,ashen"
1471900,はいく,俳句,haiku poetry
1474040,ばいてん,売店,"shop,stand"
1983760,バイバイ,,
1474050,ばいばい,売買,"trade,buying and selling"
1474200,はう,這う,"to creep,to crawl"
1378490,はえる,生える,"(1) to grow,to spring up,(2) to cut (teeth)"
1600670,はがす,剥す,"(v5s) to tear off,to peel off,to rip off"
1612910,ばからしい,,absurd
1474220,はかり,秤,"scales,weighing machine"
1600650,はかる,量る,"to measure,to weigh,to survey"
1600650,はかる,測る,"to measure,to weigh,to survey"
1444120,はきけ,吐き気,"nausea,sickness in the stomach"
1010090,はきはき,,lucidly
1399760,はく,掃く,"to sweep,to brush,to gather up"
1313350,はぐるま,歯車,"gear,cog-wheel"
1098340,バケツ,,"bucket,pail"
1236840,はさまる,挟まる,"to get between,to be caught in"
1600740,はさむ,挟む,"to interpose,to hold between,to insert"
1436480,はしご,梯子,"ladder,stairs"
1307520,はじめに,始めに,"to begin with,first of all"
1307520,はじめに,初めに,
1625780,はじめまして,,"How do you do?,I am glad to meet you"
2085880,はす,斜,
1203310,はずれる,外れる,"to be disconnected,to get out of place,to be off,to be out (e.g. of gear)"
1101600,パターン,,pattern
1476500,はだぎ,肌着,underwear
1600780,はたして,果して,"as was expected,really"
1477090,はち,鉢,"a bowl,a pot"
2197150,バツ,ｘ,
1477250,はっき,発揮,"exhibition,demonstration,utilization,display"
1098760,バック,,back
1477490,はっしゃ,発射,"firing,shooting,discharge,catapult"
1477660,はっそう,発想,"expression (music),conceptualization"
1477750,はつでん,発電,generation (e.g. power)
1477810,はつばい,発売,sale
1471140,はで,派手,"showy,loud,gay,flashy,gaudy"
1600910,はなしあい,話合い,"discussion,conference"
1562300,はなしかける,話し掛ける,"to accost a person,to talk (to someone)"
1600920,はなしちゅう,話中,"while talking,the line is busy"
1370010,はなはだしい,甚だしい,"extreme,excessive,terrible"
1194580,はなび,花火,fireworks
1194570,はなよめ,花嫁,bride
1516540,はなれる,放れる,"to leave,to get free,to cut oneself off"
1171680,はね,羽根,shuttlecock
1099490,ばね,,"spring (e.g. coil, leaf)"
1429620,はねる,跳ねる,"to jump,to leap"
1471420,はへん,破片,"fragment,splinter,broken piece"
1601040,はみがき,歯磨き,"dentifrice,toothpaste"
1566420,はめる,,"(col) to get in,to insert,to put on,to make love"
1400240,はやくち,早口,fast-talking
1552310,はやる,流行る,"to flourish,to thrive,to be popular,to come into fashion"
1501580,はらいこむ,払い込む,"to deposit,to pay in"
1501610,はらいもどす,払い戻す,"to repay,to pay back"
1099690,バランス,,balance
1366250,はりがね,針金,wire
1427870,はりきる,張り切る,"to be in high spirits,to be full of vigor"
1601160,はんえい,反映,"reflection,influence"
1479230,はんけい,半径,radius
1478550,はんこ,判子,seal (used for signature)
1601350,ばんざい,万歳,"hurrah, cheers"
1478560,はんじ,判事,"judge,judiciary"
1480540,はんせい,反省,"reflection,reconsideration,introspection,meditation,contemplation"
1482360,ばんち,番地,"house number,address"
1103270,パンツ,,underpants
1100240,バンド,,band
1479770,はんとう,半島,peninsula
1096830,ハンドル,,"handle,steering wheel"
1601420,ひあたり,日当たり,"exposure to the sun,sunny place"
1463920,ひがえり,日帰り,day trip
1483600,ひかくてき,比較的,"comparatively,relatively"
1463840,ひかげ,日陰,shadow
1010830,ぴかぴか,,"glitter,sparkle"
1601520,ひきうける,引受る,"to undertake,to take up,to take over"
1169140,ひきかえす,引返す,"to repeat,to send back,to bring back"
1601610,ひきざん,引算,subtraction
1601660,ひきだす,引出す,"to pull out,to take out,to draw out,to withdraw"
1601750,ひきとめる,引き止める,"to detain,to check,to restrain"
1482710,ひきょう,卑怯,"cowardice,meanness,unfairness"
1169120,ひきわけ,引分け,"a draw (in competition),tie game"
1601830,ひざし,陽射,"sunlight,rays of the sun"
1487380,ひじ,肘,elbow
1106660,ピストル,,pistol
1105160,ビタミン,,vitamin
1010900,ぴたり,,
1169350,ひっかかる,引っ掛かる,"to be caught in,to be stuck in,to be cheated"
1487800,ひっき,筆記,"(taking) notes,copying"
1601870,ひっくりかえす,引っ繰り返す,"to turn over,to overturn,to knock over,to upset,to turn inside out"
1169320,ひっくりかえる,引っ繰り返る,"to be overturned,to be upset,to topple over,to be reversed"
1601880,ひっこし,引越し,"moving (dwelling etc.),changing residence"
1169390,ひっこむ,引っ込む,"to draw back,to sink,to cave in"
1487830,ひっしゃ,筆者,"writer,author"
1487500,ひつじゅひん,必需品,"necessities,necessary article,requisite,essential"
1601940,ひとさしゆび,人差指,index finger
1164910,ひととおり,一通り,"ordinary,usual,in general,briefly"
1368820,ひとどおり,人通り,pedestrian traffic
1601990,ひとまず,,"for the present,once,in outline"
1453900,ひとみ,瞳,pupil (of eye)
1161830,ひとやすみ,一休み,a rest
1455670,ひとりごと,独り言,"a soliloquy,a monologue,speaking to oneself"
1455660,ひとりでに,,"by itself,automatically,naturally"
1105580,ビニール,,vinyl
1483900,ひにく,皮肉,"cynicism,sarcasm"
1611370,ひにち,日日,"every day,daily,day after day"
1469530,ひねる,捻る,"to turn (a switch) on or off,to twist,to puzzle over"
1463800,ひのいり,日の入り,sunset
1463790,ひので,日の出,sunrise
1602130,ひびき,響き,"echo,sound,reverberation,noise"
1238610,ひびく,響く,to resound
1483920,ひふ,皮膚,skin
1556770,ひやす,冷やす,"to cool,to refrigerate"
1602190,ひゃっかじてん,,encyclopedia
1486670,びよう,美容,beauty of figure or form
1489600,ひょうし,表紙,"front cover,binding"
1488700,ひょうしき,標識,"sign,mark"
1488710,ひょうじゅん,標準,"standard,level"
1488820,ひょうほん,標本,"example,specimen"
1490080,ひょうろん,評論,"criticism,critique"
1507090,ひらがな,平仮名,"hiragana,47 syllables,the cursive syllabary"
1106040,ビルディング,,building
1426370,ひるね,昼寝,"nap (at home),siesta"
1602370,ひろげる,広げる,"to spread,to extend,to expand,to enlarge"
1278440,ひろさ,広さ,extent
1278590,ひろば,広場,plaza
1602380,ひろびろ,広々,"extensive,spacious"
1278460,ひろめる,広める,"to broaden,to propagate"
1107140,ピンク,,pink
1512640,びんせん,便箋,"writing paper,stationery"
1491130,びんづめ,瓶詰,"bottling,bottled"
1108160,ファスナー,,"fastener,zipper"
1499940,ふうせん,風船,balloon
1491290,ふうん,不運,"unlucky,misfortune,bad luck,fate"
1602440,ふえる,殖える,"to increase,to multiply"
1362660,ふかまる,深まる,"to deepen,to heighten,to intensify"
1491840,ふきそく,不規則,"irregularity,unsteadiness,disorderly"
1497110,ふきゅう,普及,"diffusion,spread"
1496240,ふきん,付近,"neighbourhood,vicinity,environs"
1357240,ふく,拭く,"to wipe,to dry"
1500440,ふくし,副詞,adverb
1501390,ふくしゃ,複写,"copy,duplicate"
1501400,ふくすう,複数,"plural,multiple"
1216890,ふくめる,含める,"to include,to instruct,to make one understand"
1519970,ふくらます,膨らます,"to swell,to expand,to inflate,to bulge"
1519990,ふくらむ,膨らむ,"to expand,to swell (out),to get big,to become inflated"
1492160,ふけつ,不潔,"unclean,dirty,filthy,impure"
1279290,ふける,更ける,"to get late,to advance,to wear on"
1497710,ふごう,符号,"sign,mark,symbol"
1496520,ふさい,夫妻,"man and wife,married couple"
1602570,ふさがる,塞がる,"to be plugged up,to be shut up"
1602590,ふさぐ,塞ぐ,"to stop up,to close up,to block (up)"
1566450,ふざける,,"to romp,to gambol,to frolic,to joke"
1672130,ぶさた,無沙汰,neglecting to stay in contact
1583680,ぶし,武士,"warrior,samurai"
1499400,ぶしゅ,部首,radical (of a kanji character)
1181720,ふすま,襖,sliding screen
1602700,ふぞく,附属,"attached,belonging,affiliated"
1204540,ふた,蓋,"cover,lid,cap"
1493860,ふつう,不通,"suspension,interruption,stoppage,tie-up,cessation"
1011180,ぶつかる,,"to strike,to collide with"
2742080,ぶつける,,"to knock,to run into,to nail on,to strike hard,to hit and attack"
1502640,ぶっそう,物騒,"dangerous,disturbed,insecure"
1011200,ぶつぶつ,,"grumbling,complaining in a small voice"
1392100,ふなびん,船便,surface mail (ship)
1499480,ぶひん,部品,"parts,accessories"
1370780,ふぶき,吹雪,snow storm
1497690,ふぼ,父母,"father and mother,parents"
1602840,ふみきり,踏切,"railway crossing,level crossing,starting line,scratch,crossover"
1611440,ふもと,麓,"the foot,the bottom,the base (of a mountain)"
1602880,ふやす,増やす,"to increase,to add to,to augment"
1602880,ふやす,殖やす,"to increase,to add to,to augment"
1111160,フライパン,,"fry pan,frying pan"
1113650,ブラウス,,blouse
1011250,ぶらさげる,,"to hang,to suspend,to dangle,to swing"
1611450,ブラシ,,"brushy,brush"
1115670,プラスチック,,plastic
1115820,プラットホーム,,platform
1111640,フリー,,free
1361150,ふりがな,振り仮名,",pronunciation key"
1116300,プリント,,"print,handout"
1603090,ふるまう,振舞う,"to behave,to conduct oneself,to entertain (vt)"
1114910,ブローチ,,brooch
1117080,プログラム,,program
1500150,ふろしき,風呂敷,"wrapping cloth,cloth wrapper"
1113060,ふわふわ,,"light,soft"
1504560,ふんか,噴火,eruption
1503210,ぶんかい,分解,"analysis,disassembly"
1505290,ぶんげい,文芸,"literature,art and literature,belles-lettres"
1505330,ぶんけん,文献,"literature,books (reference)"
1504610,ふんすい,噴水,water fountain
1503860,ぶんすう,分数,fraction (in math)
1505510,ぶんたい,文体,literary style
1504160,ぶんぷ,分布,distribution
1505620,ぶんぼうぐ,文房具,stationery
1505630,ぶんみゃく,文脈,context
1504430,ぶんりょう,分量,"amount,quantity"
1504460,ぶんるい,分類,classification
1508600,へいかい,閉会,closure
1507180,へいき,平気,"coolness,calmness,composure,unconcern"
1508480,へいこう,並行,"(going) side by side,concurrent,abreast,at the same time"
1507720,へいじつ,平日,"weekday,ordinary days"
1506590,へいたい,兵隊,"soldier,sailor"
1507910,へいぼん,平凡,"common,commonplace,ordinary,mediocre"
1508030,へいや,平野,"plain,open field"
1179200,へこむ,凹む,"to be dented,to be indented,to yield to,to give,to sink,to collapse,to cave in,to be snubbed"
1571170,へそ,臍,"navel,belly-button"
1206360,へだてる,隔てる,to be shut out
1509970,べっそう,別荘,"holiday house,villa"
1603290,べつべつ,別々,"separately,individually"
1119700,ベテラン,,veteran
1118780,ヘリコプター,,helicopter
1603240,へんしゅう,編集,"editing,compilation,editorial (e.g. committee)"
1512520,べんじょ,便所,"toilet,lavatory,rest room,latrine,comfort station"
1121520,ペンチ,,(abbr) pliers (lit: pinchers)
1519650,ぼうえんきょう,望遠鏡,telescope
1516950,ほうがく,方角,"direction,way,compass point"
1566500,ほうき,箒,(n) broom
1516980,ほうげん,方言,dialect
1519050,ぼうさん,坊さん,"Buddhist priest,monk"
1520380,ぼうし,防止,"prevention,check"
1517040,ほうしん,方針,"objective,plan,policy"
1515510,ほうそう,包装,"packing,wrapping"
1517380,ほうそく,法則,"law,rule"
1603360,ほうたい,包帯,"bandage,dressing"
1603660,ぼうだい,膨大,"huge,bulky,enormous,extensive,swelling,expansion"
1515530,ほうちょう,庖丁,"kitchen knife,carving knife"
1517060,ほうていしき,方程式,equation
1520570,ぼうはん,防犯,prevention of crime
1517100,ほうめん,方面,"direction,district,field (e.g., of study)"
1519060,ぼうや,坊や,boy
1516530,ほうる,放る,to let go
1123520,ボーナス,,bonus
1560710,ほがらか,朗らか,"brightness,cheerfulness,melodious"
1584250,ぼくじょう,牧場,"(1) farm (livestock),(2) pasture land,meadow,grazing land"
1521820,ぼくちく,牧畜,stock-farming
1513410,ほけん,保健,"health preservation,hygiene,sanitation"
1514830,ぼしゅう,募集,"recruiting,taking applications"
1603510,ほす,干す,"to air,to dry,to desiccate,to drain (off),to drink up"
1125110,ポスター,,poster
1520890,ほっきょく,北極,North Pole
1603720,ぼっちゃん,坊っちゃん,son (of others)
1198900,ほどく,,to unfasten
1522060,ほり,堀,"moat,canal"
1246690,ほる,掘る,"to dig,to excavate"
1427950,ほる,彫る,"to carve,to engrave,to sculpture,to chisel"
1572500,ぼろ,,"rag,scrap,tattered clothes,fault (esp. in a pretense)"
1523700,ぼん,盆,"Lantern Festival,Festival of the Dead,tray"
1523760,ぼんち,盆地,basin (e.g. between mountains)
1523170,ほんぶ,本部,headquarters
1523270,ほんらい,本来,"essentially,naturally,by nature"
1012070,まあまあ,,so-so
1524630,まいすう,枚数,the number of flat things
1524710,まいど,毎度,"each time,common service-sector greeting"
1126980,マイナス,,minus
1211200,まく,巻く,"to wind,to coil,to roll"
2611890,まく,蒔く,to sow (seeds)
1303400,まく,撒く,"to scatter,to sprinkle,to sow"
1524860,まくら,枕,"pillow,bolster"
1239740,まげる,曲げる,"to bend,to crook,to lean"
1012110,まごまご,,confused
1523830,まさつ,摩擦,"friction,rubbing,rubdown,chafe"
1603920,まざる,混ざる,"to be mixed,to be blended with,to associate with,to mingle with,to join"
1603920,まざる,交ざる,"to be mixed,to be blended with,to associate with,to mingle with,to join"
1603930,まじる,混じる,"to be mixed,to be blended with,to associate with"
1603930,まじる,交じる,"to be mixed,to be blended with,to associate with"
1127870,マスク,,mask
1290310,まぜる,混ぜる,"to mix,to stir"
1290310,まぜる,交ぜる,"to be mixed,to be blended with"
1267830,またぐ,,to straddle
1524990,または,又は,"or,otherwise"
1410630,まちあいしつ,待合室,waiting room
1410520,まちあわせる,待ち合わせる,"to rendezvous,to meet at a prearranged place and time"
1204580,まちかど,街角,street corner
1363190,まっくら,真っ暗,"total darkness,shortsightedness,pitch dark"
1604050,まっくろ,真っ黒,pitch black
1604080,まっさお,真っ青,"deep blue,ghastly pale"
1363260,まっさき,真っ先,"the head,the foremost,beginning"
1580620,まっしろ,真っ白,pure white
1295250,まつる,祭る,"to deify,to enshrine"
1401420,まどぐち,窓口,ticket window
1611640,まとまる,纏まる,"to be collected,to be settled,to be in order"
1440930,まとめる,纏める,"to put in order,to collect,to bring to a conclusion"
1363760,まねる,真似る,"to mimic,to imitate"
1569790,まぶしい,,"dazzling,radiant"
1569920,まぶた,,eyelids
1129210,マフラー,,"muffler,scarf"
1215290,まもなく,間も無く,"soon,before long,in a short time"
1129290,マラソン,,marathon
1604280,まれ,稀,"rare,seldom"
1199360,まわりみち,回り道,detour
1526720,まんいん,満員,"full house,no vacancy,sold out"
1130040,マンション,,"large apartment,apartment house"
1604340,まんてん,満点,perfect score
1259830,みおくる,見送る,"(1) to see off,to farewell,(2) to escort,(3) to let pass"
1259370,みおろす,見下ろす,"to overlook,to command a view of,to look down on something"
1604420,みかけ,見掛け,outward appearance
1301340,みかづき,三日月,"new moon,crescent moon"
1611700,みさき,岬,cape (on coast)
1303280,みじめ,,"(arch) sad,pitiful,wretched"
1130640,ミシン,,sewing machine
1910260,みせや,店屋,"store,shop"
1259710,みだし,見出し,"heading,caption,subtitle,index"
1611770,みちじゅん,道順,"itinerary,route"
1604550,みつかる,見付かる,"to be found,to be discovered"
1604570,みつける,見付ける,"to be familiar,to discover,to detect"
1259250,みっともない,,"shameful,indecent"
1259900,みなおす,見直す,"to look again,to get a better opinion of"
1604650,みなれる,見慣れる,"to become used to seeing,to be familiar with"
1333810,みにくい,醜い,ugly
1320850,みのる,実る,"to bear fruit,to ripen"
1365810,みぶん,身分,"social position,social status"
1260100,みほん,見本,sample
1259990,みまう,見舞う,"to ask after (health),to visit"
1528040,みまん,未満,"less than,insufficient"
1604730,みょうじ,名字,"surname,family name"
1131830,ミリ,,"milli-,10^-3"
1365450,みる,診る,to examine (medical)
1528630,みんかん,民間,"private,civilian,civil,popular,folk,unofficial"
1529270,みんよう,民謡,"folk song,popular song"
1604800,むかう,向う,"(v5u) to face,to go towards"
1474370,むく,剥く,"to peel,to skin,to pare,to hull"
1529880,むげん,無限,infinite
1530650,むじ,無地,"plain,unfigured"
1356870,むしあつい,蒸し暑い,"humid,sultry"
1531090,むじゅん,矛盾,"contradiction,inconsistency"
1356900,むす,蒸す,"to steam,to poultice,to be sultry"
1530280,むすう,無数,"countless number,infinite number"
1311640,むらさき,紫,"purple colour,violet"
1247510,むれ,群れ,"group,crowd,flock,herd"
1532940,めい,姪,niece
1531500,めいさく,名作,masterpiece
1531550,めいし,名刺,business card
1531570,めいし,名詞,noun
1531600,めいしょ,名所,famous place
1531970,めいずる,命ずる,"to command,to appoint"
1532760,めいしん,迷信,superstition
1531810,めいぶつ,名物,"famous product,special product,speciality"
1532810,めいめい,銘々,"each,individual"
1535490,めうえ,目上,"superior(s),senior"
1132530,メーター,,meter (clock)
1611980,めぐまれる,恵まれる,"to be blessed with,to be rich in"
1342050,めぐる,巡る,to go around
1535440,めざす,目指す,"to aim at,to have an eye on"
1535340,めざまし,目覚し,(abbr) alarm-clock
1535320,めした,目下,"at present,now"
1535300,めじるし,目印,"mark,sign,landmark"
1535700,めだつ,目立つ,"to be conspicuous,to stand out"
1533000,めちゃくちゃ,,"absurd,unreasonable,excessive,messed up,spoiled,wreaked"
1012470,めっきり,,remarkably
1608630,めでたい,,"happy,simple soul,propitious,joyous"
1133790,メニュー,,menu
1569810,めまい,,"dizziness,giddiness"
1535280,めやす,目安,"criterion,aim"
1533230,めんぜい,免税,"tax exemption,duty exemption"
1533500,めんせき,面積,area
1533510,めんせつ,面接,interview
1533560,めんどうくさい,面倒臭い,"bother to do,tiresome"
1534490,もうかる,儲かる,"to be profitable,to yield a profit"
1534500,もうける,儲ける,"to get,to earn,to gain,to have (bear, beget) a child"
1612040,もうしわけない,申し訳ない,inexcusable
1134480,モーター,,motor
1534660,もくざい,木材,"lumber,timber,wood"
1535460,もくじ,目次,table of contents
1609715,もぐる,潜る,"(1) to drive,to pass through,(2) to evade,to hide,(3) to dive (into or under water),to go undergroun"
1012510,もしかしたら,,"perhaps,maybe,by some chance"
1012530,もしかすると,,"perhaps,maybe,by some chance"
1564380,もたれる,,"to lean against,to lean on,to recline on,to lie heavy (on the stomach)"
1134990,モダン,,modern
1535790,もち,餅,sticky rice cake
1605250,もったいない,,"too good,more than one deserves,wasteful,sacrilegious,unworthy of"
1135270,モデル,,model
1605280,もともと,元々,"originally,by nature,from the start"
1502690,ものおき,物置,storage room
1502490,ものがたる,物語る,"to tell,to indicate"
1502530,ものさし,物差し,"ruler,measure"
1502630,ものすごい,物凄い,"earth-shattering,staggering,to a very great extent"
1135680,モノレール,,monorail
2857870,もみじ,紅葉,(1) (Japanese) maple
1567610,もむ,揉む,"to rub,to crumple (up),to wrinkle"
1582900,もやす,燃やす,to burn
1292140,もよおし,催し,"event,festivities,function"
1379740,もる,盛る,"(1) to serve (food, etc.),(2) to fill up,(3) to prescribe"
1536060,もんどう,問答,"questions and answers,dialogue"
1211380,やかましい,,"(1) noisy,(2) strict,fussy"
1536530,やかん,夜間,"at night,nighttime"
1605370,やかん,薬缶,kettle
1538010,やくしゃ,役者,"actor,actress"
1538020,やくしょ,役所,"government office,public office"
1538350,やくす,訳す,to translate
1538050,やくにん,役人,government official
1538280,やくひん,薬品,"medicine(s),chemical(s)"
1538080,やくめ,役目,"duty,business"
1577310,やけど,火傷,"burn,scald"
1584820,やこう,夜行,"walking around at night,night train,night travel"
1537770,やじるし,矢印,directing arrow
1537780,やたら,,"randomly,recklessly,blindly"
1538200,やっきょく,薬局,"pharmacy,drugstore"
1612950,やっつける,,"to attack (an enemy),to beat,to do away with,to finish off"
1191990,やぬし,家主,landlord
1983750,やぶく,破く,
1471210,やぶれる,破れる,"to get torn,to wear out"
1612100,やむをえない,,"cannot be helped,unavoidable"
1605630,やわらかい,軟らかい,"soft,tender,limp"
1542170,ゆうえんち,遊園地,amusement park
1542690,ゆうかん,夕刊,evening paper
1540080,ゆうこう,友好,friendship
1542380,ゆうそう,郵送,mailing
1542820,ゆうだち,夕立,(sudden) evening shower (rain)
1542750,ゆうひ,夕日,"(in) the evening sun,setting sun"
1605700,ゆうゆう,悠々,"quiet,calm,leisurely"
1541690,ゆうりょう,有料,"admission-paid,toll"
1584990,ゆかた,浴衣,"bathrobe,informal summer kimono,yukata"
1448600,ゆげ,湯気,"steam,vapour"
1538810,ゆけつ,輸血,blood transfusion
1538850,ゆそう,輸送,"transport,transportation"
1538690,ゆだん,油断,"negligence,unpreparedness"
1571470,ゆでる,,to boil
1612130,ゆのみ,湯飲み,teacup
1214410,ゆるい,緩い,"loose,lenient,slow"
1546120,ようがん,溶岩,lava
1545370,ようき,容器,"container,vessel"
1546270,ようご,用語,"term,terminology"
1546770,ようし,要旨,"gist,essentials,summary,fundamentals"
1545160,ようじ,幼児,"infant,baby,child"
1545420,ようせき,容積,"capacity,volume"
1545250,ようち,幼稚,"infancy,childish,infantile"
1545260,ようちえん,幼稚園,kindergarten
1546380,ようと,用途,"use,usefulness"
1794470,ようひんてん,洋品店,shop which handles Western-style apparel and accessories
1662130,ようぶん,養分,"nourishment,nutrient"
1546530,ようもう,羊毛,wool
1394600,ようやく,漸く,"gradually,finally,hardly"
1546850,ようりょう,要領,"point,gist,essentials,outline"
1547390,よくばり,欲張り,"avarice,covetousness,greed"
1544090,よけい,余計,"too much,unnecessary,abundance,surplus,excess,superfluity"
1013140,よこす,,"(1) to send,to forward,(2) to hand over (e.g. money)"
1178960,よごす,汚す,"(1) to disgrace,to dishonour,(2) to pollute,to contaminate,to soil,to make dirty,to stain"
1219560,よせる,寄せる,"to collect,to gather,to add,to put aside"
1605940,よそ,余所,"another place,somewhere else,strange parts"
1307060,よつかど,四つ角,"four corners,crossroads"
1372660,よっぱらい,酔っ払い,drunkard
1543320,よび,予備,"preparation,preliminaries,reserve,spare"
1266280,よびかける,呼び掛ける,"to call out to,to accost,to address (crowd),to appeal"
1266350,よびだす,呼び出す,"to summon,to call (e.g. phone)"
1606020,よみがえる,蘇る,"to be resurrected,to be revived,to be resuscitated,to be rehabilitated"
1606140,よろこび,慶び,"(n) (a) joy,(a) delight,rapture,pleasure,gratification,rejoicing,congratulations,felicitations"
1218760,よろこぶ,慶ぶ,
1548200,らいにち,来日,"arrival in Japan,coming to Japan,visit to Japan"
1548810,らくだい,落第,"failure,dropping out of a class"
1139190,ラッシュアワー,,rush hour
1549350,らん,欄,column of text (e.g. as in a newspaper)
1140100,ランチ,,"launch,lunch"
1140270,ランニング,,"(1) running,(2) tank top"
1549100,らんぼう,乱暴,"rude,violent,rough,lawless,unreasonable,reckless"
1549900,りか,理科,science
1549500,りがい,利害,"advantages and disadvantages,interest"
1141620,リズム,,rhythm
1141870,リットル,,litre
1142880,リボン,,ribbon
1551960,りゃくす,略す,to abbreviate
1552230,りゅういき,流域,(river) basin
1554230,りょう,寮,"hostel,dormitory"
1585140,りょうがわ,両側,both sides
1233010,りょうし,漁師,fisherman
1554730,りょうじ,領事,consul
1554750,りょうしゅう,領収,"receipt,voucher"
1555610,りんじ,臨時,"temporary,special,extraordinary"
1552800,るすばん,留守番,"care-taking,caretaker,house-watching"
1556410,れいがい,例外,exception
1557710,れいてん,零点,"zero,no marks"
1557170,れいとう,冷凍,"freezing,cold storage,refrigeration"
1144700,レインコート,,raincoat
1144860,レクリェーション,,recreation
1145220,レジャー,,leisure
1558390,れっとう,列島,chain of islands
1145910,レベル,,level
1559090,れんが,煉瓦,brick
1559450,れんごう,連合,"union,alliance"
1146140,レンズ,,lens
1561240,ろうそく,蝋燭,candle
1146810,ローマじ,,"romanization,Roman letters"
1561590,ろくおん,録音,(audio) recording
1147560,ロッカー,,locker
1147800,ロビー,,lobby
1561640,ろんずる,論ずる,"to argue,to discuss,to debate"
1561970,わえい,和英,Japanese-English
1606560,わかる,分る,to be understood
1606600,わかれる,分かれる,"to branch off,to diverge from,to fork,to split,to dispense,to scatter,to divide into"
1606610,わかわかしい,若々しい,"youthful,young"
1606685,わく,湧く,"to boil,to grow hot,to get excited,to gush forth"
1606790,わびる,詫びる,to apologize
1562190,わふく,和服,Japanese clothes
1612360,わりあいに,,comparatively
1606880,わりざん,割算,division (math)
1983690,わりと,割と,"relatively, comparitively"
1606950,わりびき,割引,"discount,reduction,rebate"
1562780,わん,椀,"Japanese soup bowl,wooden bowl"
1562840,わん,碗,bowl
1149240,ワンピース,,one-piece dress
